Unnamed: 0,@type,url,name,description,image,contentRating,genre,duration,Language,Budget,First Day Collection Worldwide,Worldwide Collection,Overseas Collection,India Gross Collection,Verdict,aggregateRating.@type,aggregateRating.bestRating,aggregateRating.worstRating,aggregateRating.ratingValue,aggregateRating.ratingCount,alternateName,First Day Collection India,India Net Collection,India Gross collection,India Net collection,Note,OLanguage
0,Movie,https://www.imdb.com/title/tt15354916/,Jawan,A prison warden recruits inmates to commit outrageous crimes that shed light on corruption and injustice - and that lead him to an unexpected reunion.,https://m.media-amazon.com/images/M/MV5BOWI5NmU3NTUtOTZiMS00YzA1LThlYTktNDJjYTU5NDFiMDUxXkEyXkFqcGdeQXVyMTUzNjEwNjM2._V1_.jpg,Not Rated,"Action, Crime, Drama",PT2H49M,Hindi,285cr,129.6cr,1150.7cr,386.4cr,764.3cr,All Time Blockbuster,AggregateRating,10,1,6.9,99934,,,,,,,
1,Movie,https://www.imdb.com/title/tt12844910/,Pathaan,"An Indian agent races against a doomsday clock as a ruthless mercenary, with a bitter vendetta, mounts an apocalyptic attack against the country.",https://m.media-amazon.com/images/M/MV5BYTgzNjBjYTctOGJiZi00MTliLTk0YzYtNDJmYTQyMDdkMjQ5XkEyXkFqcGdeQXVyNTkzNDQ4ODc@._V1_.jpg,Not Rated,"Action, Adventure, Thriller",PT2H26M,Hindi,250cr,104.8cr,1042.2cr,393.4cr,648.8cr,All Time Blockbuster,AggregateRating,10,1,5.8,158261,,,,,,,
2,Movie,https://www.imdb.com/title/tt13751694/,Animal,The hardened son of a powerful industrialist returns home after years abroad and vows to take bloody revenge on those threatening his father&apos;s life.,https://m.media-amazon.com/images/M/MV5BNGViM2M4NmUtMmNkNy00MTQ5LTk5MDYtNmNhODAzODkwOTJlXkEyXkFqcGdeQXVyMTY1NDY4NTIw._V1_.jpg,Not Rated,"Action, Crime, Drama",PT3H24M,Hindi,140cr,115.9cr,910.4cr,250.6cr,659.8cr,Blockbuster,AggregateRating,10,1,6.1,98028,,,,,,,
3,Movie,https://www.imdb.com/title/tt15441054/,Gadar 2,"When Tara Singh goes missing during a skirmish and is believed to be captured in Pakistan, his son Jeetey sets out to rescue him and enters a labyrinth from which they both must escape at all costs.",https://m.media-amazon.com/images/M/MV5BODJkYjUzODctYmE0NS00NmJiLTljZGMtYmMxYzUxOTliZGY1XkEyXkFqcGc@._V1_.jpg,Not Rated,"Action, Adventure, Drama",PT2H50M,Hindi,80cr,53.7cr,690.2cr,65.5cr,624.7cr,Blockbuster,AggregateRating,10,1,5.1,22652,,,,,,,
4,Movie,https://www.imdb.com/title/tt13927994/,Salaar: Part 1 - Ceasefire,"The fate of a violently contested kingdom hangs on the fraught bond between two friends-turned-foes in this saga of power, bloodshed and betrayal.",https://m.media-amazon.com/images/M/MV5BYWM5OGZjYTktYWNiNy00ZGMyLTlhMjEtNzY3MDY4MjhlZTljXkEyXkFqcGdeQXVyMTUwMDg3OTQy._V1_.jpg,Not Rated,"Action, Crime, Drama",PT2H55M,Telugu,250cr,165.3cr,625.6cr,137.8cr,487.8cr,Hit,AggregateRating,10,1,6.6,69295,Salaar,,,,,,
5,Movie,https://www.imdb.com/title/tt15654328/,Leo,"Parthiban is a mild-mannered cafe owner in Kashmir, who fends off a gang of murderous thugs and gains attention from a drug cartel claiming he was once a part of them.",https://m.media-amazon.com/images/M/MV5BMmFiOGYyZjQtZmZmNC00ZTgzLWI5ZjktMTRiYzc5NjAzODRkXkEyXkFqcGdeQXVyMTYyNDkzNzgz._V1_.jpg,Not Rated,"Action, Crime, Drama",PT2H44M,Tamil,225cr,142.8cr,615.6cr,203.7cr,411.9cr,Blockbuster,AggregateRating,10,1,7.2,62792,,,,,,,
6,Movie,https://www.imdb.com/title/tt11663228/,Jailer,"A retired jailer goes on a manhunt to find his son&apos;s killers. But the road leads him to a familiar, albeit a bit darker place. Can he emerge from this complex situation successfully?",https://m.media-amazon.com/images/M/MV5BNzFkNmZkMTctYjRhMS00ODZiLWFlNjQtZmZmN2IzMDJlNmVkXkEyXkFqcGdeQXVyMTY1MzAyNjU4._V1_.jpg,Not Rated,"Action, Comedy, Crime",PT2H48M,Tamil,200cr,91.2cr,605.8cr,192.3cr,413.5cr,Blockbuster,AggregateRating,10,1,7.1,37298,,,,,,,
7,Movie,https://www.imdb.com/title/tt18411490/,Tiger 3,Tiger and Zoya are back - to save the country and their family. This time it&apos;s personal.,https://m.media-amazon.com/images/M/MV5BYzQwMGZlYTUtODUwNi00ZjQxLWEzODAtZGU3Zjc0MmNhMzhkXkEyXkFqcGdeQXVyNTkzNDQ4ODc@._V1_.jpg,Not Rated,"Action, Adventure, Thriller",PT2H35M,Hindi,250cr,94.8cr,466.4cr,123.5cr,342.9cr,Hit,AggregateRating,10,1,5.7,54071,,,,,,,
8,Movie,https://www.imdb.com/title/tt15428134/,Dunki,"When his friends in Punjab struggle to clear the immigration process, an ex-soldier guides them on a risky journey to enter the UK without permission.",https://m.media-amazon.com/images/M/MV5BMzQ0NDRhNmItYzllYS00NDdlLTk0YTctZDQ5YmFkYjdkNDcyXkEyXkFqcGdeQXVyNTYwMzA0MTM@._V1_.jpg,Not Rated,"Action, Adventure, Comedy",PT2H40M,Hindi,175cr,58.2cr,436.8cr,195.6cr,241.2cr,Average,AggregateRating,10,1,6.5,78020,,,,,,,
9,Movie,https://www.imdb.com/title/tt12915716/,Adipurush,A modern adaptation of the Indian epic Ramayana which follows the exiled prince Raghav&apos;s journey to rescue his wife Janaki from the demon king Lankesh.,https://m.media-amazon.com/images/M/MV5BMTIwZWI0Y2YtZGJhZC00MjU4LTliZTUtODVjZjk4Y2FlYzI1XkEyXkFqcGdeQXVyMTE0MTY2Mzk2._V1_.jpg,,"Action, Adventure, Drama",PT2H59M,Telugu,375cr,136.8cr,397.8cr,52.3cr,345.5cr,Average,AggregateRating,10,1,2.7,133931,,,,,,,
10,Movie,https://www.imdb.com/title/tt14993250/,Rocky Aur Rani Kii Prem Kahaani,"Flamboyant Punjabi Rocky and intellectual Bengali journalist Rani fall in love despite their differences. After facing family opposition, they decide to live with each other&apos;s families for three months before getting married.",https://m.media-amazon.com/images/M/MV5BNzAyOWQ4MjUtMGNkMi00ODBkLWEyZDgtY2Q0YjJhYjg3MzNlXkEyXkFqcGdeQXVyMTUxMTM3OTc1._V1_.jpg,Not Rated,"Comedy, Drama, Family",PT2H48M,Hindi,150cr,23.5cr,355.6cr,172.8cr,182.8cr,Hit,AggregateRating,10,1,6.5,42995,,,,,,,
11,Movie,https://www.imdb.com/title/tt22444570/,Ponniyin Selvan: Part Two,"Arulmozhi Varman continues on his journey to become Rajaraja I, the greatest ruler of the historic Chola empire of south India.",https://m.media-amazon.com/images/M/MV5BNmQ3NGM5ODMtNDhjYS00MDQwLWEwNjItNjZiNjdkMmQ3NjQzXkEyXkFqcGdeQXVyMTY0MDk0NjE3._V1_.jpg,Not Rated,"Action, Adventure, Drama",PT2H44M,Tamil,250cr,64.5cr,343.5cr,128.2cr,215.3cr,Hit,AggregateRating,10,1,7.3,18539,,,,,,,
12,Movie,https://www.imdb.com/title/tt11998558/,Varisu,"Vijay Rajendran is a happy to-go lucky man. Things change when his father becomes terminally ill, and he is left to manage his business empire.",https://m.media-amazon.com/images/M/MV5BMjE4YjgyMGQtMWM0MS00MGVjLTlmNzYtMTNiNGY1NTNlZjJiXkEyXkFqcGdeQXVyMTEzNzg0Mjkx._V1_.jpg,Not Rated,"Action, Comedy, Drama",PT2H49M,Tamil,175cr,46.5cr,292.8cr,87.3cr,205.5cr,Super Hit,AggregateRating,10,1,6.0,38965,,,,,,,
13,Movie,https://www.imdb.com/title/tt15281402/,Waltair Veerayya,A fisherman who engages in smuggling accepts a request from a disheveled police officer in order to use it to his personal advantage,https://m.media-amazon.com/images/M/MV5BNzE4ZDNjNDctNTk3Yy00MzllLWFjMGUtYjNiMzk1MmIzMmMxXkEyXkFqcGdeQXVyMTA3MDk2NDg2._V1_.jpg,Not Rated,"Action, Drama",PT2H35M,Telugu,125cr,44.6cr,236.2cr,28.7cr,207.5cr,Blockbuster,AggregateRating,10,1,6.2,7735,,,,,,,
14,Movie,https://www.imdb.com/title/tt24268454/,The Kerala Story,"A converted Muslim woman Fatima Ba narrates her ordeal of how she once wanted to become a nurse but was abducted from her home and manipulated by religious vanguards, turned into an ISIS terrorist and landed in Afghanistan jail.",https://m.media-amazon.com/images/M/MV5BYTlkZWMxYTQtY2UzYi00NTRmLTk3ZTMtZjQxZmNhNWFlMWEwXkEyXkFqcGdeQXVyMTIyNzY0NTMx._V1_.jpg,,Drama,PT2H18M,Hindi,25cr,9.5cr,285.6cr,15.8cr,269.8cr,Blockbuster,AggregateRating,10,1,6.9,73276,,,,,,,
15,Movie,https://www.imdb.com/title/tt15732324/,OMG 2,An unhappy civilian asks the court to mandate comprehensive education in schools in a dramatic yet amusing courtroom play.,https://m.media-amazon.com/images/M/MV5BNmQ3MThkOWEtNTA0NC00YzI2LWIxZjEtZjdlZTVmNzQ2ZGViXkEyXkFqcGdeQXVyODE5NzE3OTE@._V1_.jpg,TV-MA,"Comedy, Drama",PT2H36M,Hindi,95cr,12.5cr,221.2cr,42.4cr,178.8cr,Super Hit,AggregateRating,10,1,7.5,43477,,,,,,,
16,Movie,https://www.imdb.com/title/tt15163652/,Thunivu,A mysterious mastermind - Daredevil and his team forms a plan and commits bank heist to find the corporate looted people&apos;s money.,https://m.media-amazon.com/images/M/MV5BNDAzY2RhNmItMDY0MS00OTE4LTg4MGUtOTU2ZGE4NjdjMThkXkEyXkFqcGc@._V1_.jpg,Not Rated,"Action, Crime, Drama",PT2H26M,Tamil,115cr,39.6cr,196.8cr,55.3cr,141.5cr,Hit,AggregateRating,10,1,6.1,29637,,,,,,,
17,Movie,https://www.imdb.com/title/tt8672856/,Tu Jhoothi Main Makkaar,"Madness ensues when a &apos;player&apos; in the world of romantic relationships finds a girl who&apos;s a worthy opponent, that believes love is a battle of wits.",https://m.media-amazon.com/images/M/MV5BNmZmYWFiYzAtY2RhMC00MDRiLWI1M2YtNzRkZGNmYTIwZDI4XkEyXkFqcGdeQXVyODE5NzE3OTE@._V1_.jpg,Not Rated,"Comedy, Romance",PT2H30M,Hindi,90cr,22.3cr,192.8cr,47.4cr,168.4cr,Hit,AggregateRating,10,1,6.0,28236,,,,,,,
18,Movie,https://www.imdb.com/title/tt3679040/,Kisi Ka Bhai Kisi Ki Jaan,"The eldest brother refuses to marry since he believes it may create disharmony in his big family. His brothers, who&apos;ve already found partners, come together to find a match for him.",https://m.media-amazon.com/images/M/MV5BZjk0ZjlhNDctMzAwZC00ZTAyLTliZTItOTRiNjMzNTAxODY3XkEyXkFqcGdeQXVyODE5NzE3OTE@._V1_.jpg,Not Rated,"Action, Comedy, Drama",PT2H25M,Hindi,125cr,26.3cr,182.5cr,50.8cr,131.7cr,Average,AggregateRating,10,1,4.0,40957,,,,,,,
19,Movie,https://www.imdb.com/title/tt9006564/,2018,A disaster film set during the 2018 Kerala Floods where people from all walks of life faced catastrophic consequences and put in collective efforts to survive the calamity.,https://m.media-amazon.com/images/M/MV5BZWFhZjBjY2ItMmZmMC00N2RjLTg2ZjktNDUwNmYwNmVjMDA5XkEyXkFqcGdeQXVyMjkxNzQ1NDI@._V1_.jpg,Not Rated,"Action, Drama, Thriller",PT2H30M,Malayalam,15cr,3.5cr,180.5cr,67.8cr,112.7cr,All Time Blockbuster,AggregateRating,10,1,8.3,13232,,,,,,,
20,Movie,https://www.imdb.com/title/tt15398776/,Oppenheimer,The story of American scientist J. Robert Oppenheimer and his role in the development of the atomic bomb.,https://m.media-amazon.com/images/M/MV5BMDBmYTZjNjUtN2M1MS00MTQ2LTk2ODgtNzc2M2QyZGE5NTVjXkEyXkFqcGdeQXVyNzAwMjU2MTY@._V1_.jpg,R,"Biography, Drama, History",PT3H,English,,,,,157.5cr,Super Hit,AggregateRating,10,1,8.3,795444,,17.3cr,131.8cr,,,,
21,Movie,https://www.imdb.com/title/tt22086334/,Dream Girl 2,"Karam, who is trying to live a serious life in Mathura and falls in love with Pari but life is hell bent on not taking him seriously. In a turn of events Karam becomes Pooja which creates further chaos in his already chaotic life.",https://m.media-amazon.com/images/M/MV5BZGI3OTFkMTYtOGRlNC00NzRiLThlNWEtOGU0YzdkYWRiOWU0XkEyXkFqcGdeQXVyODE5NzE3OTE@._V1_.jpg,,"Comedy, Drama, Romance",PT2H14M,Hindi,65cr,12.6cr,140.2cr,15.6cr,124.6cr,Hit,AggregateRating,10,1,5.2,11590,,,,,,,
22,Movie,https://www.imdb.com/title/tt5433140/,Fast X,Dom Toretto and his family are targeted by the vengeful son of drug kingpin Hernan Reyes.,https://m.media-amazon.com/images/M/MV5BNzZmOTU1ZTEtYzVhNi00NzQxLWI5ZjAtNWNhNjEwY2E3YmZjXkEyXkFqcGdeQXVyODk4OTc3MTY@._V1_.jpg,PG-13,"Action, Adventure, Crime",PT2H21M,English,,,,,134.2cr,Super Hit,AggregateRating,10,1,5.7,125175,,15.2cr,109.8cr,,,,
23,Movie,https://www.imdb.com/title/tt9603212/,Mission: Impossible - Dead Reckoning Part One,Ethan Hunt and his IMF team must track down a dangerous weapon before it falls into the wrong hands.,https://m.media-amazon.com/images/M/MV5BMDkyMmZlN2EtMzhlNC00ODc5LTk0ODgtOWRlNzRkYzRkNTdmXkEyXkFqcGdeQXVyMDM2NDM2MQ@@._V1_.jpg,PG-13,"Action, Adventure, Thriller",PT2H43M,English,,,,,131.3cr,Super Hit,AggregateRating,10,1,7.7,263970,,14.5cr,110.3cr,,,,
24,Movie,https://www.imdb.com/title/tt15387190/,Veera Simha Reddy,"Veera Simha Reddy is a revered man in a village and his son Jai Simha Reddy settles in the USA. When his father gets killed in the village politics, Jai Simha returns to India and takes revenge on who killed his father.",https://m.media-amazon.com/images/M/MV5BODU4MDdlOTMtODNhNS00YmY2LWE3ZDgtN2IyMDgyM2E2ZjY4XkEyXkFqcGc@._V1_.jpg,,"Action, Drama",PT2H50M,Telugu,85cr,50.2cr,130.7cr,15.5cr,115.2cr,Hit,AggregateRating,10,1,4.9,6327,,,,,,,
25,Movie,https://www.imdb.com/title/tt26445483/,Fukrey 3,The friends facing disastrously funny situations together and having each other&apos;s backs through the trenches to make it out of a new mess this time.,https://m.media-amazon.com/images/M/MV5BZWUyZjJlOTAtM2ZkOC00ZDY1LTlhODUtMDZmMDVmMDgzMDFkXkEyXkFqcGdeQXVyOTc4NTg3MDM@._V1_.jpg,Not Rated,"Comedy, Crime, Drama",PT2H27M,Hindi,45cr,12.4cr,128.4cr,13.5cr,114.9cr,Super Hit,AggregateRating,10,1,5.5,24440,,,,,,,
26,Movie,https://www.imdb.com/title/tt10786774/,Sam Bahadur,Revolves around the high and low points of Sam Manekshaw who became the first Indian Army officer to be promoted to the rank of Field Marshal.,https://m.media-amazon.com/images/M/MV5BYTE2Mjg4ZTUtMTVhZi00NmUxLTgwZDItY2E1MDQwMTU3NzBmXkEyXkFqcGdeQXVyMTUyNjIwMDEw._V1_.jpg,,"Biography, Drama, War",PT2H30M,Hindi,55cr,8.4cr,127.3cr,17.6cr,109.7cr,Super Hit,AggregateRating,10,1,7.7,18249,,,,,,,
27,Movie,https://www.imdb.com/title/tt15440322/,Dasara,A brutal act sends an irresponsible small-time criminal on a mission of revenge.,https://m.media-amazon.com/images/M/MV5BNzkxNmQ5NGItZDFiZi00MTFiLWFmZTktODAxODliZDkzZTY4XkEyXkFqcGc@._V1_.jpg,Not Rated,"Action, Adventure, Drama",PT2H36M,Telugu,55cr,38.7cr,120.4cr,21.8cr,98.6cr,Super Hit,AggregateRating,10,1,6.6,10907,,,,,,,
28,Movie,https://www.imdb.com/title/tt14914988/,Satyaprem Ki Katha,"A middle-class boy in Ahmedabad, Satyaprem falling in one-sided love with Katha, who is coping with her breakup with Tapan. Through the journey, they discover each other&apos;s life and complement in accomplishing what was left halfway.",https://m.media-amazon.com/images/M/MV5BNTJiM2U3NTctNTAwNi00ZmQ5LThmNDUtYjI4MDdhYzQ5ZmExXkEyXkFqcGdeQXVyMTU0ODI1NTA2._V1_.jpg,,"Comedy, Drama, Musical",PT2H26M,Hindi,75cr,9.3cr,117.2cr,25.4cr,91.8cr,Average,AggregateRating,10,1,6.7,30643,,,,,,,
29,Movie,https://www.imdb.com/title/tt15427980/,Vaathi,"When a private school teacher is assigned to a neglected public school, he must overcome personal and political strife in his fight for education.",https://m.media-amazon.com/images/M/MV5BOTA0OTkxZjEtNTgwZC00NDgwLTljNDAtODhlMDBmMzU0N2EzXkEyXkFqcGdeQXVyMTMzNzIyNDc1._V1_.jpg,Not Rated,"Action, Drama",PT2H19M,Tamil,40cr,14.8cr,116.5cr,24.65cr,91.85cr,Blockbuster,AggregateRating,10,1,7.3,10709,,,,,,,
30,Movie,https://www.imdb.com/title/tt26675491/,Bro,An arrogant man is given a second chance to fix his mistakes after death.,https://m.media-amazon.com/images/M/MV5BN2M2ZTM2MzMtZGMzMy00Yzc2LWEwNTUtNTI4OGJiNzYwZTUxXkEyXkFqcGdeQXVyMTUyNjIwMDEw._V1_.jpg,Not Rated,"Comedy, Drama, Family",PT2H14M,Telugu,125cr,48.5cr,114.8cr,16.5cr,98.3cr,Flop,AggregateRating,10,1,6.1,10581,,,,,,,
31,Movie,https://www.imdb.com/title/tt21810110/,Bhagavanth Kesari,Nelakonda Bhagavanth Kesari is adamant about getting even with a powerful businessman who cost him money. He is prepared to square off against the formidable foe and resolve their issues amicably.,https://m.media-amazon.com/images/M/MV5BMTEwYjcxZmMtMDQxOS00YmUxLWI5ZDEtNDNlYzMzZmEwYzRkXkEyXkFqcGdeQXVyMTQ3Mzk2MDg4._V1_.jpg,,"Action, Drama, Thriller",PT2H44M,Telugu,85cr,28.3cr,114.5cr,16.2cr,98.3cr,Hit,AggregateRating,10,1,5.9,4780,,,,,,,
32,Movie,https://www.imdb.com/title/tt15576460/,Zara Hatke Zara Bachke,"Kapil and Somya are a happily married couple from Indore who live in a joint family and decide to get a divorce one fine day. Things don&apos;t go as planned as their family gets to know of it, and thus begins a comedy of errors.",https://m.media-amazon.com/images/M/MV5BNGZmMjg3ZDEtZDRmZC00ZGNjLTlkZDktYWY4YWFhZTIwYjA0XkEyXkFqcGc@._V1_.jpg,Not Rated,"Comedy, Drama, Family",PT2H12M,Hindi,50cr,6.5cr,112.5cr,11.3cr,101.2cr,Super Hit,AggregateRating,10,1,6.0,16110,,,,,,,
33,Movie,https://www.imdb.com/title/tt15302222/,Bholaa,"After getting out of prison with the desire to meet his daughter, Bholaa&apos;s plans are interrupted by a well-orchestrated drug bust.",https://m.media-amazon.com/images/M/MV5BNTI1NGI5ZTItZjJhNC00NDQyLWE1YmMtMTMwZmJiNTNjYWZjXkEyXkFqcGdeQXVyNDYwMjI1MzI@._V1_.jpg,Not Rated,"Action, Adventure, Crime",PT2H24M,Hindi,115cr,16.5cr,110.5cr,14.2cr,96.3cr,Flop,AggregateRating,10,1,5.8,22667,,,,,,,
34,Movie,https://www.imdb.com/title/tt23052532/,Mark Antony,"Mark, the son of gangster Antony, finds a telephone that has the ability to contact the past.",https://m.media-amazon.com/images/M/MV5BNWZmMWM0OTYtYjYxMC00ZDQzLTllMzktYWMwZWFkYWYzNjU5XkEyXkFqcGdeQXVyOTE2NDU1NDM@._V1_.jpg,,"Action, Comedy, Crime",PT2H30M,Tamil,35cr,11.5cr,104.5cr,18.7cr,85.8cr,Blockbuster,AggregateRating,10,1,6.6,5692,,,,,,,
35,Movie,https://www.imdb.com/title/tt11720440/,Carry on Jatta 3,"Advocate Dhillon&apos;s son, Jass, is in love with Meet but her brothers get in a tussle with Adv. Dhillon. As a result, Adv. Dhillon rejects Meet&apos;s hand in marriage. Left with no option, Jass weaves a madhouse plan to propose to his f...",https://m.media-amazon.com/images/M/MV5BMGNmN2ExNzUtNDJiNC00YTY1LWIzYzYtZWY2ODM2NTc1NWY4XkEyXkFqcGdeQXVyMTIwNTMwNzg2._V1_.jpg,,"Comedy, Drama, Romance",PT2H16M,Punjabi,15cr,10.2cr,101.5cr,45.8cr,55.7cr,All Time Blockbuster,AggregateRating,10,1,6.0,11171,,,,,,,
36,Movie,https://www.imdb.com/title/tt15554914/,Baipan Bhari Deva,Six estranged sisters who are forced to come together for a Managalagaur competition. Can they overcome their past and face their struggles?,https://m.media-amazon.com/images/M/MV5BMTc4NzMzNWYtZDFhNy00MzRkLWEwNTUtNzRmNmY0Yzk3M2MwXkEyXkFqcGc@._V1_.jpg,,"Comedy, Drama, Family",PT2H17M,Marathi,5cr,1.5cr,90.5cr,0cr,90.5cr,Blockbuster,AggregateRating,10,1,8.0,1052,,,,,,,
37,Movie,https://www.imdb.com/title/tt24059780/,Virupaksha,"When a man visits his ancestral village, where terror reigns after a chain of unexplained deaths, he must unravel mystical secrets before it&apos;s too late.",https://m.media-amazon.com/images/M/MV5BZjZmNDVhNTUtMzE0Zi00ZWZjLTllZjAtY2Q3MGQ1NDU0ZDhiXkEyXkFqcGc@._V1_.jpg,Not Rated,"Action, Horror, Mystery",PT2H25M,Telugu,35cr,11.8cr,90.25cr,14.6cr,75.65cr,Blockbuster,AggregateRating,10,1,7.2,6421,,,,,,,
38,Movie,https://www.imdb.com/title/tt16118524/,Baby,Two high-school sweethearts face challenges in their relationship when they take different directions in life.,https://m.media-amazon.com/images/M/MV5BYmRlNmYxMzUtY2E1Mi00ZWVjLWE0NTYtNTQ3NmJhM2I1YWJmXkEyXkFqcGc@._V1_.jpg,,"Drama, Romance",PT2H55M,Telugu,10cr,6.5cr,85.4cr,7.6cr,77.8cr,Blockbuster,AggregateRating,10,1,7.1,8516,,,,,,,
39,Movie,https://www.imdb.com/title/tt28358950/,Neru,"Sara, a blind sculptor, seeks justice after suffering trauma. She contends with the legal system and her own resilience to find resolution.",https://m.media-amazon.com/images/M/MV5BMTNjODdkNzUtZWEzOC00MWJjLWJmYzMtYjM3NjQyM2M4NzI5XkEyXkFqcGdeQXVyNTI0NzYwMTI@._V1_.jpg,,"Drama, Thriller",PT2H30M,Malayalam,15cr,5.9cr,85.2cr,32.4cr,52.8cr,Blockbuster,AggregateRating,10,1,7.5,7909,,,,,,,
40,Movie,https://www.imdb.com/title/tt24517458/,RDX: Robert Dony Xavier,The life of three mysterious individuals take a turn as their faces gets exposed.,https://m.media-amazon.com/images/M/MV5BYzcwZTZmOTUtMGE2Ny00ZWU3LWEwZjAtNzdjZWNlNGJmYWM1XkEyXkFqcGdeQXVyMjkxNzQ1NDI@._V1_.jpg,Not Rated,"Action, Adventure",PT2H31M,Malayalam,10cr,2.5cr,84.2cr,28.7cr,55.5cr,Blockbuster,AggregateRating,10,1,7.1,5448,,,,,,,
41,Movie,https://www.imdb.com/title/tt25274786/,Kannur Squad,"The gripping saga of a police officer and his team, their challenging journey to nab a criminal gang across the country. Further, it shows how he leads his team towards triumph, amidst professional uncertainties in this gripping d...",https://m.media-amazon.com/images/M/MV5BZTE4Y2NiYTQtODM1OC00NTQ4LTllOTItMzQwYWExOTRlNzhkXkEyXkFqcGc@._V1_.jpg,,"Action, Crime, Drama",PT2H41M,Malayalam,25cr,5.2cr,82.3cr,34.5cr,47.8cr,Blockbuster,AggregateRating,10,1,7.6,9216,,,,,,,
42,Movie,https://www.imdb.com/title/tt22543326/,Maaveeran,"A cowardly cartoonist starts being &apos;controlled&apos; by a cartoon action figure, and takes on a corrupt politician.",https://m.media-amazon.com/images/M/MV5BZGMxMGZmZDItMjY5NC00OTVhLWE2MWEtNzJiZTU1NzI1MTllXkEyXkFqcGc@._V1_.jpg,,"Action, Comedy, Drama",PT2H43M,Tamil,55cr,11.5cr,80.2cr,15.4cr,64.8cr,Average,AggregateRating,10,1,7.4,9749,,,,,,,
43,Movie,https://www.imdb.com/title/tt25433734/,Hi Nanna,A single father begins to narrate the story of the missing mother to his child and nothing remains the same.,https://m.media-amazon.com/images/M/MV5BMjZkNTdhOTMtYzg0Yy00YjA4LTljOTQtZWRkNTZkMTY3Y2Y3XkEyXkFqcGdeQXVyMTUzNTgzNzM0._V1_.jpg,,"Drama, Family, Romance",PT2H35M,Telugu,45cr,10.5cr,77.2cr,18.5cr,58.7cr,Super Hit,AggregateRating,10,1,8.2,17600,,,,,,,
44,Movie,https://www.imdb.com/title/tt15380630/,Kushi,"Raised in an atheist household, a young man falls in love with the daughter of his father&apos;s arch-rival, a devout Hindu leader.",https://m.media-amazon.com/images/M/MV5BNmU2Nzc2ZmItMTc5ZS00ZTE5LWEyOTMtMzIwYjBkNTI3Mjg4XkEyXkFqcGdeQXVyMTUyNjIwMDEw._V1_.jpg,Not Rated,"Comedy, Drama, Romance",PT2H43M,Telugu,55cr,26.8cr,76.8cr,18.9cr,57.9cr,Average,AggregateRating,10,1,5.4,8208,,,,,,,
45,Movie,https://www.imdb.com/title/tt15464390/,Mastaney,"Set in 1739, Nadar Shah&apos;s undefeated army was attacked by Sikh Rebellions. Nadar demands to arrest them but it doesn&apos;t work out. Five ordinary men are hired to play Sikh Rebellions but over time they learn what Sikhs are.",https://m.media-amazon.com/images/M/MV5BYTZjMWEwM2EtZmZhYi00MGZlLWI4MWEtYjkxODBmZDJmNzEyXkEyXkFqcGdeQXVyODQwMDcwNDY@._V1_.jpg,,"Action, Drama, History",PT2H30M,Punjabi,20cr,7.3cr,74.2cr,41.4cr,32.8cr,Blockbuster,AggregateRating,10,1,7.5,5415,,,,,,,
46,Movie,https://www.imdb.com/title/tt20242416/,Maamannan,"The community that was exploited by the town&apos;s influential man, who completely rules due to the powerful backing of the authorities. A man collects evidence to flip him upside down when he was helpless to stop his endless torture.",https://m.media-amazon.com/images/M/MV5BNjFmMTI3MTUtMTdmNS00ODI0LWEwM2UtMDVjOTAxZmFhODg5XkEyXkFqcGdeQXVyMTY1MzAyNjU4._V1_.jpg,,"Action, Drama, Thriller",PT2H37M,Tamil,30cr,11.2cr,73.8cr,12.5cr,60.3cr,Blockbuster,AggregateRating,10,1,6.7,5793,,,,,,,
47,Movie,https://www.imdb.com/title/tt6791350/,Guardians of the Galaxy Vol. 3,"Still reeling from the loss of Gamora, Peter Quill rallies his team to defend the universe and one of their own - a mission that could mean the end of the Guardians if not successful.",https://m.media-amazon.com/images/M/MV5BMDgxOTdjMzYtZGQxMS00ZTAzLWI4Y2UtMTQzN2VlYjYyZWRiXkEyXkFqcGdeQXVyMTkxNjUyNQ@@._V1_.jpg,PG-13,"Action, Adventure, Comedy",PT2H30M,English,,,,,72.3cr,Super Hit,AggregateRating,10,1,7.9,399013,,8.6cr,60.2cr,,,,
48,Movie,https://www.imdb.com/title/tt23849204/,12th Fail,The real-life story of IPS Officer Manoj Kumar Sharma and IRS Officer Shraddha Joshi.,https://m.media-amazon.com/images/M/MV5BNTE3OTIxZDYtNjA0NC00N2YxLTg1NGQtOTYxNmZkMDkwOWNjXkEyXkFqcGc@._V1_.jpg,,"Biography, Drama",PT2H27M,Hindi,25cr,1.5cr,69.7cr,2.3cr,67.4cr,Blockbuster,AggregateRating,10,1,8.9,128837,,,,,,,
49,Movie,https://www.imdb.com/title/tt20249418/,Romancham,A game of Ouija board goes hilariously wrong when seven bachelors unexpectedly invite a spirit and try to make the best out of the situation.,https://m.media-amazon.com/images/M/MV5BOWRkNDBiMTAtMmJmZi00MzlmLWJjMzUtNDg2YmUzMzRlZmVlXkEyXkFqcGdeQXVyMjkxNzQ1NDI@._V1_.jpg,,"Comedy, Horror",PT2H10M,Malayalam,3cr,0.5cr,69.6cr,23.4cr,46.2cr,Blockbuster,AggregateRating,10,1,7.5,8172,,,,,,,
50,Movie,https://www.imdb.com/title/tt24226474/,Jigarthanda DoubleX,"In 1975, a filmmaker agrees to collaborate on a film with a gangster who wishes to become a famous actor.",https://m.media-amazon.com/images/M/MV5BYzgwNDdjNGItYjRkOS00ZjZiLWI1YjktZjk4YzBjZmJlNTU0XkEyXkFqcGdeQXVyMTY1MzAyNjU4._V1_.jpg,,"Action, Comedy, Drama",PT2H52M,Tamil,60cr,7.3cr,68.5cr,12.3cr,56.2cr,Average,AggregateRating,10,1,8.0,10064,Jigarthanda Double X,,,,,,
51,Movie,https://www.imdb.com/title/tt10366206/,John Wick: Chapter 4,"John Wick uncovers a path to defeating The High Table. But before he can earn his freedom, Wick must face off against a new enemy with powerful alliances across the globe and forces that turn old friends into foes.",https://m.media-amazon.com/images/M/MV5BMDExZGMyOTMtMDgyYi00NGIwLWJhMTEtOTdkZGFjNmZiMTEwXkEyXkFqcGdeQXVyMjM4NTM5NDY@._V1_.jpg,R,"Action, Crime, Thriller",PT2H49M,English,,,,,61.2cr,Super Hit,AggregateRating,10,1,7.7,350545,,10.5cr,50.8cr,,,,
52,Movie,https://www.imdb.com/title/tt27328206/,Skanda: The Attacker,The prodigal son of a respected leader takes on two political rivals and forms bonds with their daughters in this Telugu-language action drama.,https://m.media-amazon.com/images/M/MV5BMWZjOWViOGQtMTg1Yy00OGFmLTgyZmEtMWQwM2U4MTBhZTc1XkEyXkFqcGdeQXVyMTUwMDg3OTQy._V1_.jpg,,"Action, Drama, Romance",PT2H47M,Telugu,65cr,17.2cr,59.2cr,5.4cr,53.8cr,Flop,AggregateRating,10,1,4.2,2914,,,,,,,
53,Movie,https://www.imdb.com/title/tt11396310/,Viduthalai Part 1,A police officer is recruited to capture the leader of a separatist group.,https://m.media-amazon.com/images/M/MV5BMjZhY2M5YjAtNDQ4NS00MDExLTlhMjctMmZmZmVkMTI3MjA4XkEyXkFqcGdeQXVyMTIyNzY0NTMx._V1_.jpg,Not Rated,"Action, Crime, Drama",PT2H30M,Tamil,20cr,4.5cr,55.6cr,8.7cr,46.9cr,Blockbuster,AggregateRating,10,1,8.3,9137,Viduthalai: Part 1,,,,,,
54,Movie,https://www.imdb.com/title/tt10954600/,Ant-Man and the Wasp: Quantumania,"Scott Lang and Hope Van Dyne are dragged into the Quantum Realm, along with Hope&apos;s parents and Scott&apos;s daughter Cassie. Together they must find a way to escape, but what secrets is Hope&apos;s mother hiding? And who is the mysterious K...",https://m.media-amazon.com/images/M/MV5BODZhNzlmOGItMWUyYS00Y2Q5LWFlNzMtM2I2NDFkM2ZkYmE1XkEyXkFqcGdeQXVyMTU5OTA4NTIz._V1_.jpg,PG-13,"Action, Adventure, Comedy",PT2H4M,English,,,,,,Average,AggregateRating,10,1,6.0,237539,,10.2cr,,55.2cr,46.5cr,,
55,Movie,https://www.imdb.com/title/tt1517268/,Barbie,"Barbie and Ken are having the time of their lives in the colorful and seemingly perfect world of Barbie Land. However, when they get a chance to go to the real world, they soon discover the joys and perils of living among humans.",https://m.media-amazon.com/images/M/MV5BNjU3N2QxNzYtMjk1NC00MTc4LTk1NTQtMmUxNTljM2I0NDA5XkEyXkFqcGdeQXVyODE5NzE3OTE@._V1_.jpg,PG-13,"Adventure, Comedy, Fantasy",PT1H54M,English,,,,,,Hit,AggregateRating,10,1,6.8,566300,,6.2cr,,54.8cr,46.4cr,,
56,Movie,https://www.imdb.com/title/tt10160976/,The Nun II,"1956 in France, a priest is horribly murdered. An evil is spreading. Once again, Sister Irene comes face-to-face with Valak, the demon nun.",https://m.media-amazon.com/images/M/MV5BNmE5MmM2ZGEtNTVlNC00M2Q3LTliMjMtMzg5YjUyMjliZWIzXkEyXkFqcGdeQXVyMTAxNzQ1NzI@._V1_.jpg,R,"Horror, Mystery, Thriller",PT1H50M,English,,,,,,Hit,AggregateRating,10,1,5.6,63847,,3.2cr,,54.6cr,45.2cr,,
57,Movie,https://www.imdb.com/title/tt12132908/,Chandramukhi 2,"A wealthy family faces numerous problems and reunites with their long-lost relatives to pray to their deity for solutions, unaware it will reawaken the feud between a classical dancer, Chandramukhi and Vettaiyan Raja from centurie...",https://m.media-amazon.com/images/M/MV5BNTVlNmYxNTQtOGQxMi00YjI0LThiN2UtZjg4OWZiZDI1NzJhXkEyXkFqcGdeQXVyMTY1MzAyNjU4._V1_.jpg,,"Action, Comedy, Drama",PT2H52M,Tamil,65cr,12.3cr,54.2cr,7.4cr,46.8cr,Flop,AggregateRating,10,1,2.6,3263,,,,,,,
58,Movie,https://www.imdb.com/title/tt9362722/,Spider-Man: Across the Spider-Verse,"Miles Morales catapults across the multiverse, where he encounters a team of Spider-People charged with protecting its very existence. When the heroes clash on how to handle a new threat, Miles must redefine what it means to be a ...",https://m.media-amazon.com/images/M/MV5BNThiZjA3MjItZGY5Ni00ZmJhLWEwN2EtOTBlYTA4Y2E0M2ZmXkEyXkFqcGc@._V1_.jpg,PG,"Animation, Action, Adventure",PT2H20M,English,,,,,,Hit,AggregateRating,10,1,8.6,401324,,5.2cr,,53.8cr,43.8cr,,
59,Movie,https://www.imdb.com/title/tt9688874/,Tiger Nageswara Rao,"A legendary real-life robber of Stuartpuram, Andhra Pradesh called Tiger Nageswara Rao in the 1970s, who was noted for his ingenious ways of evading the police and prison.",https://m.media-amazon.com/images/M/MV5BNDc2YzZiYjItY2IzMC00ZWQ2LThiZDktMDUyZjA1MTVkMzI1XkEyXkFqcGc@._V1_.jpg,Not Rated,"Action, Crime, Drama",PT2H52M,Telugu,50cr,9.3cr,52.6cr,4.7cr,47.9cr,Flop,AggregateRating,10,1,6.0,3864,,,,,,,
60,Movie,https://www.imdb.com/title/tt15891388/,Miss. Shetty Mr. Polishetty,"Miss Shetty is a feminist living in London and wants to be single forever. Mr. Polishetty from Hyderabad in Telangana, India, wants to be in a committed relationship. The two appear to be in different stages of life but somehow co...",https://m.media-amazon.com/images/M/MV5BNWE5NGZkOWYtODlkZS00Mzk5LWIzZjgtMjk4NzAxNzFmODA3XkEyXkFqcGdeQXVyMTQ3Mzk2MDg4._V1_.jpg,Not Rated,"Comedy, Drama, Romance",PT2H29M,Telugu,15cr,5.8cr,48.6cr,17.2cr,31.4cr,Super Hit,AggregateRating,10,1,7.0,4421,Miss Shetty Mr Polishetty,,,,,,
61,Movie,https://www.imdb.com/title/tt13131610/,Bholaa Shankar,"While attempting to build a life in Kolkata with his sister, a taxi driver must confront his dark past as he faces off against the city&apos;s underworld.",https://m.media-amazon.com/images/M/MV5BYWUyNGUzMjAtNWQ5OC00ZTFmLWJkZjEtM2U1NjNlYWZhNDFiXkEyXkFqcGc@._V1_.jpg,Not Rated,"Action, Crime, Drama",PT2H39M,Telugu,100cr,28.5cr,47.6cr,6.2cr,41.4cr,Disaster,AggregateRating,10,1,3.3,2117,,,,,,,
62,Movie,https://www.imdb.com/title/tt13130948/,Shehzada,"Bantu is hated by his father Valmiki since he was a toddler. Samara, his boss, shows him affection and love until he discovers that the Jindals are his parents. Bantu decides to seek Jindals love and protect them from threats they...",https://m.media-amazon.com/images/M/MV5BMGI4ZjllYTEtYzUwZS00ZmY5LWE2OWUtZjc2OGM5NjRjZjhjXkEyXkFqcGc@._V1_.jpg,,"Action, Comedy, Drama",PT2H22M,Hindi,75cr,8.2cr,47.5cr,9.2cr,38.3cr,Disaster,AggregateRating,10,1,4.5,31340,,,,,,,
63,Movie,https://www.imdb.com/title/tt21262240/,Mission Raniganj: The Great Bharat Rescue,Mining engineer Jaswant Singh Gill leads a challenging rescue mission to save 65 miners trapped in a flooded coal mine.,https://m.media-amazon.com/images/M/MV5BMmY4NTkxYzYtNWFlYi00NWI2LWE1ZDgtMGJlY2UwZDZkODFkXkEyXkFqcGdeQXVyODE5NzE3OTE@._V1_.jpg,Not Rated,"Action, Biography, Drama",PT2H14M,Hindi,75cr,3.8cr,45.7cr,5.5cr,40.2cr,Disaster,AggregateRating,10,1,7.1,18259,Mission Raniganj,,,,,,
64,Movie,https://www.imdb.com/title/tt12782448/,Pichaikkaran 2,"A business tycoon being preyed on for his wealth, and a beggar on a constant hunt for his long-lost sister. How does money determine the fate of these two lives?",https://m.media-amazon.com/images/M/MV5BZWIyNzVlYjYtZjgxOC00NmFhLWE1OWMtMjFmZDVhMmE1MGI4XkEyXkFqcGdeQXVyMTY1MzAyNjU4._V1_.jpg,,"Action, Drama, Sci-Fi",PT2H28M,Tamil,25cr,8.5cr,44.5cr,1.3cr,43.2cr,Super Hit,AggregateRating,10,1,5.7,2001,,,,,,,
65,Movie,https://www.imdb.com/title/tt27542289/,Por Thozhil,A bright but faint-hearted rookie cop has to overcome his fears in order to succeed in his first case which sees him partnered with a reclusive senior officer to catch a serial killer on the loose.,https://m.media-amazon.com/images/M/MV5BY2U5ZjQ2MGMtNDI5ZS00NzJjLTg5YTAtMTVhYWQ4MGE4NmQxXkEyXkFqcGdeQXVyMTY1MzAyNjU4._V1_.jpg,,"Action, Crime, Thriller",PT2H27M,Tamil,15cr,1.6cr,43.5cr,5.3cr,38.2cr,Blockbuster,AggregateRating,10,1,8.0,10655,,,,,,,
66,Movie,https://www.imdb.com/title/tt11364772/,Kabzaa,"In 1947 a Gandhi follower and a freedom fighter were brutally attacked. Due to unavoidable circumstances, the freedom fighter son gets trapped in the mafia world and the story revolves between 1942 to 1986.",https://m.media-amazon.com/images/M/MV5BZDFmNmE2OTYtYmUxOC00ZjE0LWE4ZWEtNzdiMjYxMjIwMzBhXkEyXkFqcGdeQXVyODA4MDA0Mjg@._V1_.jpg,Not Rated,"Action, Crime, Thriller",PT2H14M,Kannada,75cr,13.5cr,40.4cr,4.6cr,35.8cr,Disaster,AggregateRating,10,1,4.7,15406,,,,,,,
67,Movie,https://www.imdb.com/title/tt15134398/,King of Kotha,"In a crime-infested town, Kannan bhai and his gang are the reigning powers. To combat this reign and seek revenge, Inspector Shahul tactfully plots the return of the &apos;King&apos;, leading to a transformative turn of events.",https://m.media-amazon.com/images/M/MV5BYzI3ZGEzM2EtNmU3ZC00YTE2LTg4ZDctMjcxNjliOTBlYjkyXkEyXkFqcGdeQXVyMjkxNzQ1NDI@._V1_.jpg,,"Action, Crime, Drama",PT2H54M,Malayalam,40cr,16.8cr,39.4cr,16.2cr,23.2cr,Disaster,AggregateRating,10,1,6.1,8385,,,,,,,
68,Movie,https://www.imdb.com/title/tt11732164/,Pathu Thala,"An undercover cop goes to find and kill a crime lord. However, when he realizes that the crime lord&apos;s business intentions are good and he has his own challenges, he needs to decide his next step and help the crime lord change his ...",https://m.media-amazon.com/images/M/MV5BOGZiYjkyODEtNzkxMC00ZDUwLWI0MmQtOTFjMmRhNzhjZjY3XkEyXkFqcGdeQXVyMTEzNzg0Mjkx._V1_.jpg,Not Rated,"Action, Crime, Drama",PT2H31M,Tamil,35cr,8.2cr,37.3cr,4.5cr,32.8cr,Flop,AggregateRating,10,1,6.7,9912,,,,,,,
69,Movie,https://www.imdb.com/title/tt13345606/,Evil Dead Rise,"A twisted tale of two estranged sisters whose reunion is cut short by the rise of flesh-possessing demons, thrusting them into a primal battle for survival as they face the most nightmarish version of family imaginable.",https://m.media-amazon.com/images/M/MV5BMmZiN2VmMjktZDE5OC00ZWRmLWFlMmEtYWViMTY4NjM3ZmNkXkEyXkFqcGdeQXVyMTI2MTc2ODM3._V1_.jpg,R,Horror,PT1H36M,English,,,,,,Super Hit,AggregateRating,10,1,6.5,144976,,2.3cr,,37.2cr,31.2cr,,
70,Movie,https://www.imdb.com/title/tt0439572/,The Flash,"Barry Allen uses his super speed to change the past, but his attempt to save his family creates a world without super heroes, forcing him to race for his life in order to save the future.",https://m.media-amazon.com/images/M/MV5BZWE2ZWE5MDQtMTJlZi00MTVjLTkxOTgtNmNiYjg2NDIxN2NhXkEyXkFqcGdeQXVyMTUzMTg2ODkz._V1_.jpg,PG-13,"Action, Adventure, Fantasy",PT2H24M,English,,,,,,Flop,AggregateRating,10,1,6.6,220023,,5.2cr,,35.6cr,30.2cr,,
71,Movie,https://www.imdb.com/title/tt27510150/,DD Returns,"The protagonist and his friends hides a bag full of money and jewels in a haunted bungalow to ditch the police. When he goes to retrieve the bag, a ghost makes him play a survival game in order to leave with the bag.",https://m.media-amazon.com/images/M/MV5BZTNlYTliNTctMjUxOS00N2Q4LWFiMDQtNjNiYWIwODgwMzUwXkEyXkFqcGdeQXVyMTIyNzY0NTMx._V1_.jpg,,"Comedy, Horror",PT2H4M,Tamil,15cr,2.7cr,35.2cr,0cr,35.2cr,Super Hit,AggregateRating,10,1,6.2,1798,,,,,,,
72,Movie,https://www.imdb.com/title/tt26699538/,Samajavaragamana,A lifelong university student struggling to pass his exams enlists the help of his son and his lovestruck friend. Hijinks ensue amidst blossoming love and comic bust-ups.,https://m.media-amazon.com/images/M/MV5BZmRlZDM5OTMtZmUwNS00MTY4LWFmYzItYjRiZGY0MmM0MmJkXkEyXkFqcGdeQXVyMTQ3Mzk2MDg4._V1_.jpg,,"Comedy, Drama, Family",PT2H20M,Telugu,5cr,2.3cr,34.5cr,9.3cr,25.2cr,Blockbuster,AggregateRating,10,1,7.4,1672,,,,,,,
73,Movie,https://www.imdb.com/title/tt15509266/,Spy,"After receiving the news of the death of his elder brother Subash, who worked for R&amp;AW, Jay sets out on a mission to find out what happened leading him into a bigger conspiracy of a possible nuclear attack threat to the country.",https://m.media-amazon.com/images/M/MV5BMjQzNmJjZGItZDM3OS00OTY2LTgxMmItNDk3ZTE0Njg5MmFkXkEyXkFqcGc@._V1_.jpg,Not Rated,"Action, Thriller",PT2H15M,Telugu,25cr,10.45cr,29.6cr,4.2cr,25.4cr,Flop,AggregateRating,10,1,4.7,4313,,,,,,,
74,Movie,https://www.imdb.com/title/tt23474462/,Japan,"A daring robbery in a jewellery showroom kickstarts the hunt for Japan, a notorious robber, who is a law unto himself.",https://m.media-amazon.com/images/M/MV5BYWIxZjg2NjEtNDA2NC00Njk4LWFmZDMtZWFhZmYzZTFjZmRlXkEyXkFqcGdeQXVyMTY1MzAyNjU4._V1_.jpg,,"Action, Comedy, Crime",PT2H36M,Tamil,75cr,6.5cr,29.3cr,5.4cr,23.9cr,Disaster,AggregateRating,10,1,3.1,2216,,,,,,,
75,Movie,https://www.imdb.com/title/tt26690825/,Balagam,"Balagam is set in a village in Telangana and it revolves around the after effects on a family and its relations, both with the village folks and among themselves, after the jovial patriarch of the family suddenly passes away.",https://m.media-amazon.com/images/M/MV5BNzNiMDZlOGQtYzA4Zi00Yzg0LTljMWEtNzFkN2MxZTM0ZGQyXkEyXkFqcGdeQXVyMTI1NDEyNTM5._V1_.jpg,,"Drama, Family",PT2H11M,Telugu,5cr,0.45cr,27.3cr,0.5cr,26.8cr,Blockbuster,AggregateRating,10,1,7.9,3049,,,,,,,
76,Movie,https://www.imdb.com/title/tt27125266/,Ghost,A Group of some people hijacked the jail in the city and demanding the release of ghost or elsewhere all the criminals will be set free.,https://m.media-amazon.com/images/M/MV5BZGJiYTY3ODUtZWEzYy00MWRiLTg2ODctZjk5OGVkMTlkZDg3XkEyXkFqcGdeQXVyMTIyNzY0NTMx._V1_.jpg,,"Action, Thriller",PT2H12M,Kannada,20cr,3.6cr,27.2cr,0.8cr,26.4cr,Hit,AggregateRating,10,1,6.4,7122,,,,,,,
77,Movie,https://www.imdb.com/title/tt11992424/,Sapta Sagaradaache Ello: Side A,"Manu and Priya hail from a middle-class background and fall in love. When circumstances land Manu in jail, his relationship with Priya is put in jeopardy.",https://m.media-amazon.com/images/M/MV5BNTM1YmMwN2EtMDk1Ni00NThmLWI2MWMtYmI5N2VhNTZlZWY1XkEyXkFqcGc@._V1_.jpg,,"Drama, Romance",PT2H22M,Kannada,20cr,2.3cr,26.4cr,0.8cr,26.4cr,Hit,AggregateRating,10,1,8.2,7820,Saptha Sagaradaache Ello - Side A,,,,,,
78,Movie,https://www.imdb.com/title/tt28820189/,Mad,"Set in an engineering college and revolves around the antics of the students there, primarily the boys, who get a kick out of torturing the hostel warden.",https://m.media-amazon.com/images/M/MV5BMzRhYzQxN2MtMDM5Yi00OThlLWFmMzAtYjc3YWMwNWM4M2ZlXkEyXkFqcGc@._V1_.jpg,,Comedy,PT2H7M,Telugu,8cr,1.8cr,25.2cr,3.5cr,21.7cr,Blockbuster,AggregateRating,10,1,7.4,1995,,,,,,,
79,Movie,https://www.imdb.com/title/tt15816190/,Ravanasura,Junior lawyer Ravindra is a goof whom no one seems to take seriously. But there&apos;s more to him beneath the surface.,https://m.media-amazon.com/images/M/MV5BMDZjOTVkYTAtOWI5ZC00OWM1LTg1ZjEtNDMxZDY2NmE5ZWVhXkEyXkFqcGdeQXVyMTc5NTY1ODA1._V1_.jpg,,"Action, Crime, Drama",PT2H21M,Telugu,40cr,8.2cr,24.9cr,2.7cr,22.2cr,Disaster,AggregateRating,10,1,5.7,2553,,,,,,,
80,Movie,https://www.imdb.com/title/tt28512693/,Maa Oori Polimera 2,Revolves around a policeman who sets out to seek justice for his brother&apos;s death in a village plagued by black magic.,https://m.media-amazon.com/images/M/MV5BZmIyMWU5MDgtZmQ1MC00YzEwLTkxOGYtZmM0M2NhNWYyMDdjXkEyXkFqcGc@._V1_.jpg,,Horror,PT2H5M,Telugu,7cr,3.2cr,23.2cr,2.5cr,20.7cr,Blockbuster,AggregateRating,10,1,7.1,840,,,,,,,
81,Movie,https://www.imdb.com/title/tt14989988/,Devil,"It follows a British secret agent who takes up the job of solving a dark mystery. He is led into a web of love, deceit and betrayal. His success and failure can change the course of history.",https://m.media-amazon.com/images/M/MV5BZjg5ODY3N2QtZGFmNC00M2JiLWI3MGEtZjJkOTFhMGYxZmUwXkEyXkFqcGdeQXVyMTU4NDUzMjAx._V1_.jpg,,"Action, Drama, Thriller",PT2H24M,Telugu,30cr,4.8cr,23.2cr,1.8cr,21.4cr,Disaster,AggregateRating,10,1,6.5,3331,,,,,,,
82,Movie,https://www.imdb.com/title/tt23745844/,Das Ka Dhamki,A waiter is asked to impersonate his dead look-alike as the owner of a pharmaceutical company.,https://m.media-amazon.com/images/M/MV5BMjIzNzRmZmUtOTgyOS00MDNhLWFjOWYtNWU5MTUwNzI5MGZiXkEyXkFqcGdeQXVyMTYyNjAzOTUx._V1_.jpg,Not Rated,"Action, Comedy, Drama",PT2H20M,Telugu,15cr,8.5cr,22.8cr,2.7cr,20.1cr,Hit,AggregateRating,10,1,6.1,2014,,,,,,,
83,Movie,https://www.imdb.com/title/tt26763310/,Mangalavaaram,"Fear engulfs a village as murders pile up mysteriously. Shailu, a young woman is the heart of the story and the enigmatic tale unravels with a suspenseful cinematic journey.",https://m.media-amazon.com/images/M/MV5BZjk4OGMwMDUtZWVmZS00OGU4LWFjNTEtNGQyMzcxYWQyM2ExXkEyXkFqcGdeQXVyMTQ3Mzk2MDg4._V1_.jpg,,"Action, Horror, Thriller",PT2H29M,Telugu,15cr,4.2cr,21.8cr,2.3cr,19.5cr,Hit,AggregateRating,10,1,6.7,2871,,,,,,,
84,Movie,https://www.imdb.com/title/tt25405130/,Dada,"A couple in love, accidentally become teenage parents. Unpleasant situations make them fall apart. Manikandan, left alone with his son, struggles as a single teenage father. Fate owns him, bringing Sindhu back into his life.",https://m.media-amazon.com/images/M/MV5BM2NjY2RhNDktMDUwOS00MGMxLWIxYmYtY2UwMmU2YzQzYjg4XkEyXkFqcGc@._V1_.jpg,,"Drama, Family, Romance",PT2H13M,Tamil,10cr,2.3cr,20.9cr,1.5cr,19.4cr,Blockbuster,AggregateRating,10,1,8.1,6415,,,,,,,
0,Movie,https://www.imdb.com/title/tt12735488/,Kalki 2898-AD,The future of those in the dystopian city of Kasi is altered when the destined arrival of Lord Vishnu&apos;s final avatar launches a war against darkness.,https://m.media-amazon.com/images/M/MV5BMTM3ZGUwYTEtZTI5NS00ZmMyLTk2YmQtMWU4YjlhZTI3NjRjXkEyXkFqcGc@._V1_.jpg,,"Action, Adventure, Drama",PT3H,Telugu,450cr,182.6cr,1060.4cr,275.8cr,784.6cr,Blockbuster,AggregateRating,10,1,7.1,54395,Kalki 2898 AD,,,,,,
1,Movie,https://www.imdb.com/title/tt27510174/,Stree 2: Sarkate Ka Aatank,"After the events of Stree, the town of Chanderi is being haunted again. This time, women are mysteriously abducted by a terrifying headless entity. Once again, it&apos;s up to Vicky and his friends to save their town and loved ones.",https://m.media-amazon.com/images/M/MV5BMTA1NmUxYzItZmVmNy00YmQxLTk4Y2UtZjVkMWUwMWQ5N2IxXkEyXkFqcGc@._V1_.jpg,,"Comedy, Horror",PT2H27M,Hindi,65cr,80.2cr,795.8cr,130.2cr,665.6cr,Blockbuster as of now,AggregateRating,10,1,7.6,23258,,,,,,,
2,Movie,https://www.imdb.com/title/tt27487934/,The Greatest of All Time,"Gandhi is a hostage negotiator, field agent, and spy working for the Special Anti-Terrorist Squad (SATS). After years of service, he is called back for a critical mission that sets him on a dangerous collision course with his own ...",https://m.media-amazon.com/images/M/MV5BNDQzYWNiZjEtY2MzNy00MDdmLWI1NmItY2RkN2IzM2FlN2MwXkEyXkFqcGdeQXVyMTUzNTgzNzM0._V1_.jpg,,"Action, Sci-Fi, Thriller",PT3H3M,Tamil,315cr,100.8cr,408.2cr,148.6cr,259.6cr,Pending as of now,AggregateRating,10,1,6.8,12403,,,,,,,
3,Movie,https://www.imdb.com/title/tt13818368/,Fighter,A reckless yet brilliant squadron leader and his team of elite fighter pilots face mortal dangers and inner demons as they unite for a deadly mission.,https://m.media-amazon.com/images/M/MV5BZjkwN2Q5Y2QtMmE2MC00NzlkLTg2NzQtYjVjYjVmNjE2ZTNiXkEyXkFqcGdeQXVyODE5NzE3OTE@._V1_.jpg,Not Rated,"Action, Drama",PT2H46M,Hindi,240cr,37.8cr,337.4cr,101.8cr,235.6cr,Average,AggregateRating,10,1,6.2,49004,,,,,,,
4,Movie,https://www.imdb.com/title/tt15433956/,Hanu Man,An imaginary place called Anjanadri where the protagonist gets the powers of Hanuman and fights for Anjanadri.,https://m.media-amazon.com/images/M/MV5BODNlMDM2N2UtOTE5ZS00ODViLTljMDEtOTEwNjU5YTNkNGNlXkEyXkFqcGdeQXVyMTIyNzY0NTMx._V1_.jpg,,"Action, Adventure, Fantasy",PT2H38M,Telugu,35cr,23.4cr,296.2cr,58.7cr,237.5cr,Blockbuster,AggregateRating,10,1,7.8,26922,,,,,,,
5,Movie,https://www.imdb.com/title/tt26458038/,Manjummel Boys,"A group of friends get into a daring rescue mission to save their friend from Guna Caves, a perilously deep pit from where nobody has ever been brought back.",https://m.media-amazon.com/images/M/MV5BMTQwZjRiMjUtYmU0OS00Y2EwLWJhZTctOWI1ZGU2NWExM2FkXkEyXkFqcGdeQXVyMTY3ODkyNDkz._V1_.jpg,,"Adventure, Drama, Thriller",PT2H15M,Malayalam,15cr,6.9cr,241.6cr,73.4cr,168.2cr,All Time Blockbuster,AggregateRating,10,1,8.3,21604,,,,,,,
6,Movie,https://www.imdb.com/title/tt27744786/,Shaitaan,"A family&apos;s getaway turns terrifying when an intruder possesses the teen daughter&apos;s body, putting her at the mercy of his increasingly sinister commands.",https://m.media-amazon.com/images/M/MV5BYjczYjQ3ZTMtMDAwZi00Y2I2LWE2MTMtOGUyM2YyMThmYTFiXkEyXkFqcGdeQXVyODE5NzE3OTE@._V1_.jpg,Not Rated,"Drama, Horror, Thriller",PT2H12M,Hindi,95cr,21.8cr,213.8cr,37.6cr,176.2cr,Super Hit,AggregateRating,10,1,6.6,50331,,,,,,,
7,Movie,https://www.imdb.com/title/tt14564000/,Guntur Kaaram,"Years after his mother abandons him and remarries, a man demands answers when he&apos;s asked to sign a document denying he is her son as she runs for office.",https://m.media-amazon.com/images/M/MV5BMjY3ZmMzMzMtMjFhNC00MGU3LTlkNzYtMGUwMzAwNjEyYmJhXkEyXkFqcGdeQXVyMTcyNDY1NDgw._V1_.jpg,Not Rated,"Action, Drama",PT2H39M,Telugu,125cr,73.2cr,184.2cr,31.6cr,152.6cr,Average,AggregateRating,10,1,5.4,23705,,,,,,,
8,Movie,https://www.imdb.com/title/tt6263850/,Deadpool &amp; Wolverine,"Deadpool is offered a place in the Marvel Cinematic Universe by the Time Variance Authority, but instead recruits a variant of Wolverine to save his universe from extinction.",https://m.media-amazon.com/images/M/MV5BZTk5ODY0MmQtMzA3Ni00NGY1LThiYzItZThiNjFiNDM4MTM3XkEyXkFqcGc@._V1_.jpg,R,"Action, Adventure, Comedy",PT2H8M,English,,,,,168.6cr,Super Hit,AggregateRating,10,1,8.0,281410,,26.8cr,135.4cr,,,,
9,Movie,https://www.imdb.com/title/tt5525650/,Aadujeevitham,"An Indian man seeking work follows a job lead to Saudi Arabia, only to find himself forced to labor without pay as a goat herder in the remote desert.",https://m.media-amazon.com/images/M/MV5BNjUzYzYzMTQtMmU2Yy00YjEzLWEyMDgtNTlkOTAyNzE4ZWQ4XkEyXkFqcGdeQXVyMTUzNTgzNzM0._V1_.jpg,,"Adventure, Drama",PT2H53M,Malayalam,50cr,16.2cr,158.2cr,59.4cr,98.8cr,Blockbuster,AggregateRating,10,1,7.1,42575,The Goat Life,,,,,,
10,Movie,https://www.imdb.com/title/tt26660021/,Aavesham,Three teenagers reach Bangalore for their engineering degree and gets involved in a fight with seniors. They find a local gangster named Ranga to help them take revenge.,https://m.media-amazon.com/images/M/MV5BNjJjY2IxMDYtN2U0My00MzFiLWJlYzItYmJkMDg1MTg3MjhmXkEyXkFqcGc@._V1_.jpg,,"Action, Comedy",PT2H35M,Malayalam,25cr,10.6cr,156.2cr,54.8cr,101.4cr,Blockbuster,AggregateRating,10,1,7.8,19980,,,,,,,
11,Movie,https://www.imdb.com/title/tt26233598/,Raayan,"A series of unfortunate events lead Raayan, a simpleton to be dragged into the dreaded world of crime and manipulation.",https://m.media-amazon.com/images/M/MV5BMWQyMTNjYjItNjJjZS00NWY5LWJmZTgtNjBmNGVlOWYwZDY1XkEyXkFqcGdeQXVyMTQ4MTg3Njcx._V1_.jpg,,"Action, Drama",PT2H25M,Tamil,70cr,22.8cr,152.8cr,43.2cr,109.6cr,Blockbuster,AggregateRating,10,1,6.5,7860,,,,,,,
12,Movie,https://www.imdb.com/title/tt21383812/,Crew,Follows three hard-working women as their destinies lead to some unwarranted situations and they end up caught in a web of lies.,https://m.media-amazon.com/images/M/MV5BMGNhNTYwNjMtYjFkOC00MWQzLTgyNTMtMmIxNWU2MWUyMDQ5XkEyXkFqcGdeQXVyMTUzNTgzNzM0._V1_.jpg,,"Comedy, Drama",PT1H58M,Hindi,60cr,19.2cr,151.6cr,54.8cr,96.8cr,Super Hit,AggregateRating,10,1,5.9,35669,,,,,,,
13,Movie,https://www.imdb.com/title/tt8066940/,Indian 2,"Senapathy, an ex-freedom fighter turned vigilante who fights against corruption. Senapathy returns to the country to aid a young man who has been exposing corrupt politicians in the country through videos on the internet.",https://m.media-amazon.com/images/M/MV5BMWQ1MDQ5YzItNTFjNC00YzdiLWFjODktMWNhNmUwMmI0MmU1XkEyXkFqcGdeQXVyMTc5ODIzOTk5._V1_.jpg,,"Action, Drama, Thriller",PT3H,Tamil,230cr,57.2cr,148.8cr,53.2cr,95.6cr,Disaster,AggregateRating,10,1,4.0,15121,,,,,,,
14,Movie,https://www.imdb.com/title/tt28288786/,Premalu,"Sachin&apos;s quest for love takes unexpected turns, creating a laughter-filled love triangle.",https://m.media-amazon.com/images/M/MV5BY2Q2YzEzNGUtZWYxYS00YTlhLTgyOTctYTgwNWIxZGE0MDJjXkEyXkFqcGc@._V1_.jpg,,"Comedy, Romance",PT2H36M,Malayalam,10cr,1.4cr,136.2cr,42.4cr,93.8cr,Blockbuster,AggregateRating,10,1,7.8,15013,,,,,,,
15,Movie,https://www.imdb.com/title/tt27459160/,Teri Baaton Mein Aisa Uljha Jiya,"Aryan is not able to find a perfect life partner. He meets a perfect girl, Sifra, during an official assignment in the US and falls in love with her only to discover later that it&apos;s an impossible love story.",https://m.media-amazon.com/images/M/MV5BYWExMzM3MjgtNDA4NC00MmNiLWI1MDQtMGI0MmZiYzc1ZWE1XkEyXkFqcGdeQXVyOTI3MzI4MzA@._V1_.jpg,,"Comedy, Drama, Romance",PT2H21M,Hindi,85cr,13.6cr,135.2cr,37.4cr,97.8cr,Average,AggregateRating,10,1,6.3,52148,,,,,,,
16,Movie,https://www.imdb.com/title/tt14539740/,Godzilla x Kong: The New Empire,"Two ancient titans, Godzilla and Kong, clash in an epic battle as humans unravel their intertwined origins and connection to Skull Island&apos;s mysteries.",https://m.media-amazon.com/images/M/MV5BY2QwOGE2NGQtMWQwNi00M2IzLThlNWItYWMzNGQ5YWNiZDA4XkEyXkFqcGdeQXVyNTE1NjY5Mg@@._V1_.jpg,PG-13,"Action, Adventure, Fantasy",PT1H55M,English,,,,,134.2cr,Blockbuster,AggregateRating,10,1,6.1,102605,,15.8cr,112.4cr,,,,
17,Movie,https://www.imdb.com/title/tt22987820/,Tillu Square,"One year after a love affair entangled him in a murder case, a hapless DJ has a one-night stand that leads to even messier kerfuffles tied to his past.",https://m.media-amazon.com/images/M/MV5BNzkzYWVkOTYtODc5OS00ZjhlLThhY2UtZjY4ZGIyZWFhZWE4XkEyXkFqcGdeQXVyMTY3ODkyNDkz._V1_.jpg,,"Action, Comedy, Crime",PT2H17M,Telugu,40cr,23.6cr,126.4cr,30.2cr,96.2cr,Blockbuster,AggregateRating,10,1,6.7,2894,,,,,,,
18,Movie,https://www.imdb.com/title/tt27995594/,Munjya,"A young man&apos;s visit to his native village unveils a family secret and a vengeful spirit, the Munjya, who wants to get married. Now the young man must fight to protect himself and his love from Munjya&apos;s clutches.",https://m.media-amazon.com/images/M/MV5BYTNjZDY2ODEtZTk2Yy00MjAyLWJlNWQtODM2NzdmYmE0ODJjXkEyXkFqcGc@._V1_.jpg,,"Comedy, Horror",PT2H3M,Hindi,30cr,4.8cr,126.2cr,4.8cr,121.4cr,Blockbuster,AggregateRating,10,1,6.5,20438,,,,,,,
19,Movie,https://www.imdb.com/title/tt24517830/,Bad Newz,"A crazy laugh riot which will show the outcomes of two sophisticated Punjabi men and a Punjabi girl. One of the men has a one night stand with the girl and somehow, craziness happens when she is pregnant unexpectedly.",https://m.media-amazon.com/images/M/MV5BZjIzYjY3ZTQtNjA3Yi00MTFiLWExM2ItNjYxZmI1ZjcyMTYxXkEyXkFqcGdeQXVyMTUzNTgzNzM0._V1_.jpg,,"Comedy, Romance",PT2H22M,Hindi,80cr,13.8cr,113.6cr,36.8cr,76.8cr,Average,AggregateRating,10,1,5.2,23763,,,,,,,
20,Movie,https://www.imdb.com/title/tt18072316/,Bade Miyan Chote Miyan,Two elite soldiers with troubled pasts are enlisted for a daring mission when a deadly masked villain threatens India&apos;s defenses.,https://m.media-amazon.com/images/M/MV5BN2VjYzIxN2ItN2E0MS00ODE4LThjMTgtMzE2OTM0ZmM4YjBmXkEyXkFqcGdeQXVyMTc0OTI3NjUy._V1_.jpg,Not Rated,"Action, Adventure, Sci-Fi",PT2H43M,Hindi,250cr,30.8cr,108.2cr,32.8cr,75.4cr,Disaster,AggregateRating,10,1,4.1,38190,,,,,,,
21,Movie,https://www.imdb.com/title/tt26548265/,Maharaja,"A barber seeks vengeance after his home is burglarized, cryptically telling police his &quot;lakshmi&quot; has been taken, leaving them uncertain if it&apos;s a person or object. His quest to recover the elusive &quot;lakshmi&quot; unfolds.",https://m.media-amazon.com/images/M/MV5BOTFlMTIxOGItZTk0Zi00MTk2LWJiM2UtMzlhZWYzNjQ4N2Y3XkEyXkFqcGc@._V1_.jpg,,"Action, Crime, Drama",PT2H21M,Tamil,30cr,7.6cr,106.8cr,24.2cr,82.6cr,Blockbuster,AggregateRating,10,1,8.5,45669,,,,,,,
22,Movie,https://www.imdb.com/title/tt30970235/,Article 370,"Ahead of a major constitutional decision, special agent Zooni Haksar is tasked with a secret mission to quell violence in a conflict-ridden region.",https://m.media-amazon.com/images/M/MV5BMGYzM2QxNWEtY2EwZC00OTE2LWExZDEtNjQ0NDAyMjYzNGJlXkEyXkFqcGdeQXVyMTY1MjAwNDU0._V1_.jpg,,"Action, Drama, Thriller",PT2H38M,Hindi,40cr,8.2cr,105.2cr,12.6cr,92.6cr,Super Hit,AggregateRating,10,1,7.9,22607,,,,,,,
23,Movie,https://www.imdb.com/title/tt29063558/,Jatt &amp; Juliet 3,Two police officers from Punjab travel to London on a mission that proves more complicated than expected.,https://m.media-amazon.com/images/M/MV5BYzA5YWZkYjAtMmI2Ni00YzhiLTkyNmItNjlmZWIzMGFiYzNmXkEyXkFqcGc@._V1_.jpg,,"Comedy, Romance",PT2H15M,Punjabi,15cr,10.8cr,102.6cr,57.4cr,45.2cr,Blockbuster,AggregateRating,10,1,6.0,1415,,,,,,,
24,Movie,https://www.imdb.com/title/tt26493971/,Aranmanai 4,"After his sister&apos;s suspicious death, a man decides to discover the hidden truth, setting off a chasm for chaos and terror.",https://m.media-amazon.com/images/M/MV5BMmNjMGEyMWEtZTUyZi00MWJkLWJlNTMtNDQ3YjRlNDhlNWMyXkEyXkFqcGc@._V1_.jpg,,Horror,PT2H28M,Tamil,35cr,5.6cr,98.6cr,20.2cr,78.4cr,Blockbuster,AggregateRating,10,1,5.2,1914,,,,,,,
25,Movie,https://www.imdb.com/title/tt26903104/,Saripodhaa Sanivaaram,"In order to defend the innocent from a corrupt and brutal cop, a vigilante hero must work around his own self-imposed code of honor.",https://m.media-amazon.com/images/M/MV5BYWI3NjZmZmUtNTYzNi00NWFhLWI4NzktYjcxY2MwMTNlMmEyXkEyXkFqcGdeQXVyMTQ4MTg3Njcx._V1_.jpg,,"Action, Thriller",PT2H46M,Telugu,55cr,21.8cr,96.4cr,25.2cr,71.2cr,Super Hit as of now,AggregateRating,10,1,7.6,2710,,,,,,,
26,Movie,https://www.imdb.com/title/tt25400540/,Guruvayoor Ambalanadayil,"A young man never wanted to marry because his girlfriend married someone else. Five years later, he was all set to get married. But a discovery about his bride&apos;s extended family forces him to reconsider? Will he marry her?",https://m.media-amazon.com/images/M/MV5BMDU4MWE3MGUtMWZhNy00ZWY1LWJjZDUtNzE0ZjdkMzQ5YjNlXkEyXkFqcGdeQXVyMjkxNzQ1NDI@._V1_.jpg,,Comedy,PT2H12M,Malayalam,20cr,8.2cr,90.2cr,34.8cr,55.4cr,Blockbuster,AggregateRating,10,1,6.6,3324,,,,,,,
27,Movie,https://www.imdb.com/title/tt27470893/,Chandu Champion,A man who faced one adversary after another with an undying spirit. His unwavering zeal and never give up attitude led to India&apos;s first individual gold medal in any form of the Olympics.,https://m.media-amazon.com/images/M/MV5BZDAxMmU3NGUtMGEyZC00ZGQ5LTk1ZjEtZGU2YmI0MjUzNWVmXkEyXkFqcGc@._V1_.jpg,,"Action, Biography, Drama",PT2H22M,Hindi,95cr,7.6cr,89.2cr,13.8cr,75.4cr,Flop,AggregateRating,10,1,7.9,30727,,,,,,,
28,Movie,https://www.imdb.com/title/tt28364355/,Varshangalkku Shesham,"The story of two friends set in two different time periods. Two boys, Murali and Venu, hailing from northern Kerala meet coincidentally and become friends.",https://m.media-amazon.com/images/M/MV5BNjA0NDlmZDctNDg3NS00OWU5LWEyNTQtZGQ1MGMyZjM1NDAyXkEyXkFqcGc@._V1_.jpg,,"Comedy, Drama",PT2H46M,Malayalam,15cr,10.2cr,82.8cr,36.4cr,46.4cr,Blockbuster,AggregateRating,10,1,6.6,3649,,,,,,,
29,Movie,https://www.imdb.com/title/tt7892066/,Ayalaan,"A lost alien seeks help to go back to his home, but everything gets harder after the alien returns to its home.",https://m.media-amazon.com/images/M/MV5BMzYxZWEyOGMtZGY0Ny00ZjFmLWIxNGMtNDY5NGQyMzdkMzM5XkEyXkFqcGdeQXVyMTUyNjIwMDEw._V1_.jpg,Not Rated,"Action, Adventure, Sci-Fi",PT2H35M,Tamil,70cr,6.8cr,80.2cr,17.9cr,62.3cr,Average,AggregateRating,10,1,6.0,3589,,,,,,,
30,Movie,https://www.imdb.com/title/tt22170036/,Captain Miller,A man leaves and turns against the British-led Indian military after witnessing atrocity.,https://m.media-amazon.com/images/M/MV5BMzZmYjE5ODctMzRhMy00ZWU4LWI5ZTItMjI2ZTlkOWViOTU3XkEyXkFqcGdeQXVyMTY1MzAyNjU4._V1_.jpg,Not Rated,"Action, Adventure, Drama",PT2H37M,Tamil,55cr,14.8cr,75.6cr,16.8cr,58.8cr,Average,AggregateRating,10,1,6.5,7737,,,,,,,
31,Movie,https://www.imdb.com/title/tt29608104/,Turbo,"Jose, a jeep driver from Idukki gets in trouble and is forced to relocate to Chennai where he gets entangled with Indhu and his best friend, Jerry. A bunch of surprises in the form of Vetrivel and others await Jose in Chennai.",https://m.media-amazon.com/images/M/MV5BNDA1YThjZGUtYjZkNi00YzU4LWFhZjAtNDc4MDdkOWUyOTVjXkEyXkFqcGc@._V1_.jpg,,"Action, Comedy",PT2H35M,Malayalam,40cr,15.8cr,72.4cr,31.6cr,40.8cr,Hit,AggregateRating,10,1,6.0,3001,,,,,,,
32,Movie,https://www.imdb.com/title/tt23018924/,Thangalaan,"Based on the true events that revolve around the lives of mine workers in the Kolar Gold Fields, Karnataka.",https://m.media-amazon.com/images/M/MV5BYjE3YTY2N2YtMDhlYS00NWIwLWE2YWItODExN2ZlNzk0ZDRmXkEyXkFqcGc@._V1_.jpg,,"Action, Adventure, Drama",PT2H36M,Tamil,80cr,24.2cr,69.8cr,16.6cr,53.2cr,Flop,AggregateRating,10,1,7.3,3877,,,,,,,
33,Movie,https://www.imdb.com/title/tt10869778/,Maidaan,"Inspired by the Indian national football team coach and manager Syed Abdul Rahim, who is regarded as the architect of Indian football.",https://m.media-amazon.com/images/M/MV5BNmJhYjcxZDUtZTIyNS00MGUxLTllNzQtYWQyZTJjMzg2NzY2XkEyXkFqcGc@._V1_.jpg,,"Biography, Drama, History",PT3H1M,Hindi,150cr,10.4cr,68.6cr,5.8cr,62.8cr,Disaster,AggregateRating,10,1,8.0,20752,,,,,,,
34,Movie,https://www.imdb.com/title/tt23790740/,Srikanth,"Blind Srikanth gets into MIT, founds Bollant Industries. Pursues goals for visually impaired while facing entrepreneurial challenges, navigating personal sacrifices. Highlights obstacles overcome by the blind in academics and busi...",https://m.media-amazon.com/images/M/MV5BNjQwZDZhYTktMTU3ZS00MGY1LWJjYjUtY2MzMDJhYWQxZTAyXkEyXkFqcGdeQXVyMTE0MTY2Mzk2._V1_.jpg,,"Biography, Drama",PT2H14M,Hindi,45cr,2.8cr,61.4cr,3.6cr,57.8cr,Above Average,AggregateRating,10,1,7.4,12114,,,,,,,
35,Movie,https://www.imdb.com/title/tt27561663/,Garudan,"Sokkan, the trusted confidant of childhood friends Aadhi and Karuna.But when his loyalty and self respect is put into test, which would he choose?",https://m.media-amazon.com/images/M/MV5BMzYyZDQ3NzMtMjkyNS00NmJkLWE2ZjgtZGMzMzZiNWI5NzVmXkEyXkFqcGc@._V1_.jpg,,Action,PT2H13M,Tamil,20cr,6.2cr,60.4cr,10.2cr,50.2cr,Blockbuster,AggregateRating,10,1,7.1,2728,,,,,,,
36,Movie,https://www.imdb.com/title/tt27431598/,Bramayugam,"Thevan, a folk singer of the Paanan caste, has a fateful encounter when escaping slavery, leading to him discovering an ancient traditional mansion altering his destiny.",https://m.media-amazon.com/images/M/MV5BOGEyZTk2YjQtNjk5MS00NjExLWJmNDItMTRiYWQ2NWRkNDJmXkEyXkFqcGc@._V1_.jpg,,"Drama, Horror, Thriller",PT2H19M,Malayalam,25cr,7.6cr,58.6cr,26.2cr,32.4cr,Hit,AggregateRating,10,1,7.8,11171,,,,,,,
37,Movie,https://www.imdb.com/title/tt27056012/,Khel Khel Mein,Revolves around a group of friends who gather for a dinner and end up revealing secrets about each other.,https://m.media-amazon.com/images/M/MV5BNjIxYzA3ZjItYWM5YS00NjI5LWEzNTQtZWQ3M2Y0NDFkMzc5XkEyXkFqcGc@._V1_.jpg,,Comedy,PT2H15M,,95cr,7.6cr,54.6cr,10.4cr,44.2cr,Pending as of now,AggregateRating,10,1,7.0,18776,,,,,,,Hindi
38,Movie,https://www.imdb.com/title/tt16139258/,Yodha,"After terrorists hijack a passenger plane, an off-duty soldier aboard devises a strategy to defeat the hijackers and ensure the passengers&apos; survival when the engine fails.",https://m.media-amazon.com/images/M/MV5BZjAyYjZmMjQtNGZlNi00ZGQ0LTkxNTUtNWQ2YzA3MWJjYjc2XkEyXkFqcGc@._V1_.jpg,Not Rated,"Action, Drama, Thriller",PT2H10M,Hindi,65cr,6.8cr,53.6cr,11.4cr,42.2cr,Flop,AggregateRating,10,1,5.7,8337,,,,,,,
39,Movie,https://www.imdb.com/title/tt16227342/,Mr. &amp; Mrs. Mahi,A married couple who share a love for cricket begin training in the game due to her natural talent.,https://m.media-amazon.com/images/M/MV5BOGFkYTA4Y2EtN2QxMS00MDZiLTlkNmQtODI5MTRhNWYwNWRhXkEyXkFqcGdeQXVyMTYzMTU3Njgx._V1_.jpg,,"Drama, Sport",PT2H19M,Hindi,40cr,7.6cr,51.8cr,9.5cr,42.3cr,Below Average,AggregateRating,10,1,6.0,15189,,,,,,,
40,Movie,https://www.imdb.com/title/tt21692408/,Kung Fu Panda 4,"After Po is tapped to become the Spiritual Leader of the Valley of Peace, he needs to find and train a new Dragon Warrior, while a wicked sorceress plans to re-summon all the master villains whom Po has vanquished to the spirit re...",https://m.media-amazon.com/images/M/MV5BZDY0YzI0OTctYjVhYy00MTVhLWE0NTgtYTRmYTBmOTE3YTViXkEyXkFqcGdeQXVyMTUzMTg2ODkz._V1_.jpg,PG,"Animation, Action, Adventure",PT1H34M,English,,,,,50.4cr,Hit,AggregateRating,10,1,6.3,54142,,2.7cr,43.2cr,,,,
41,Movie,https://www.imdb.com/title/tt25151410/,Demonte Colony 2,"A group of friends who return to a cursed location, driven by curiosity and the quest to uncover the truth behind the malevolent spirits that reside there.",https://m.media-amazon.com/images/M/MV5BNzRkZDEzYjgtMTkwZC00MDk5LWJjNDUtZDg1Yjc1MWRjMzhmXkEyXkFqcGc@._V1_.jpg,,Thriller,PT2H24M,Tamil,20cr,5.2cr,48.8cr,7.6cr,41.2cr,Blockbuster,AggregateRating,10,1,7.7,2856,,,,,,,
42,Movie,https://www.imdb.com/title/tt26745657/,Madgaon Express,The journey of three childhood friends who embark on a trip to Goa that goes completely off-track,https://m.media-amazon.com/images/M/MV5BYWQyYzVhZGItZDQ3YS00MGMyLWEyNTMtMTE2N2YwYWRlNzRhXkEyXkFqcGdeQXVyMTUzNTgzNzM0._V1_.jpg,,"Comedy, Drama",PT2H23M,Hindi,35cr,1.8cr,46.8cr,3.4cr,43.4cr,Hit,AggregateRating,10,1,7.1,38233,,,,,,,
43,Movie,https://www.imdb.com/title/tt11531182/,A.R.M,"Set in the Northern Kerala in 1900, 1950 and 1990, three generations of heroes, Maniyan, Kunjikelu and Ajayan, try to protect the most important treasure of the land.",https://m.media-amazon.com/images/M/MV5BNjllMGI0NjMtZmMxOC00NTViLThmMGItNGIyN2QyMzFlZTAyXkEyXkFqcGdeQXVyMjkxNzQ1NDI@._V1_.jpg,,"Action, Adventure, Comedy",PT2H30M,Malayalam,25cr,6.3cr,41.2cr,17.6cr,23.6cr,Pending as of now,AggregateRating,10,1,8.0,4282,,,,,,,
44,Movie,https://www.imdb.com/title/tt27816710/,Abraham Ozler,"Revolves around the personal and professional lives of veteran cop Abraham Ozler, ACP Trichur, who at one time has to take up a serial killing case and the mysterious hunt begins.",https://m.media-amazon.com/images/M/MV5BOWIxYjdjNGMtN2VkNy00OWMzLTg1MTUtOTIwNjU3Y2Q0OTUwXkEyXkFqcGdeQXVyMjkxNzQ1NDI@._V1_.jpg,,"Crime, Drama, Mystery",PT2H23M,Malayalam,15cr,5.6cr,41.2cr,15.6cr,25.6cr,Super Hit,AggregateRating,10,1,6.5,3551,,,,,,,
45,Movie,https://www.imdb.com/title/tt23790602/,Naa Saami Ranga,The lives of two brothers from a humble background in a village get wrecked by evil-minded people from an affluent family. Can the protagonist overcome the complicated scenarios and lead a happy life with his loved ones?,https://m.media-amazon.com/images/M/MV5BZjVjNjJkMWQtZWMxMS00M2VmLWFlMzEtNjgwZjMwMzNkOWVhXkEyXkFqcGdeQXVyMTUzNTgzNzM0._V1_.jpg,Not Rated,"Action, Adventure, Drama",PT2H30M,Telugu,30cr,7.8cr,37.8cr,2.4cr,35.4cr,Hit,AggregateRating,10,1,4.5,1082,,,,,,,
46,Movie,https://www.imdb.com/title/tt23782140/,Vaazhai,"A twelve-year-old boy, Sivanandhan, his mother, sister, and friend navigate life&apos;s challenges, where a plantain tree, Vaazhai, becomes a central presence.",https://m.media-amazon.com/images/M/MV5BYTQ5MTczYzItOGZmMC00ZjdjLWE3ZjgtZjllMmU3OTdmMmM0XkEyXkFqcGc@._V1_.jpg,,Mystery,PT2H14M,Tamil,5cr,1.8cr,37.3cr,4.8cr,32.5cr,Blockbuster as of now,AggregateRating,10,1,8.5,1440,,,,,,,
47,Movie,https://www.imdb.com/title/tt29470244/,Vaazha: Biopic of a Billion Boys,"Four friends deemed &apos;losers&apos; face immense pressure from parents and society upon entering adulthood. Their emotional tale sees them embark on a journey of self-discovery and acceptance, where love ultimately triumphs over judgment.",https://m.media-amazon.com/images/M/MV5BNDEwZDMzMDUtMTU1Ny00YjU1LTg2ODctM2E4NTdjM2ExNTk5XkEyXkFqcGc@._V1_.jpg,,Drama,PT2H5M,Malayalam,5cr,2.3cr,37.2cr,10.4cr,26.8cr,Blockbuster as of now,AggregateRating,10,1,7.6,522,,,,,,,
48,Movie,https://www.imdb.com/title/tt15239678/,Dune: Part Two,Paul Atreides unites with Chani and the Fremen while seeking revenge against the conspirators who destroyed his family.,https://m.media-amazon.com/images/M/MV5BY2Q2MGYyZjItMjE0Yi00NmYxLWJhZTAtNjcyYTY1MGM1ZGIzXkEyXkFqcGc@._V1_.jpg,PG-13,"Action, Adventure, Drama",PT2H46M,English,,,,,36.2cr,Average,AggregateRating,10,1,8.5,515419,,4.2cr,30.4cr,,,,
49,Movie,https://www.imdb.com/title/tt28074691/,Eagle,A journalist uncovers the story of a ruthless assassin when she investigates a government cover up.,https://m.media-amazon.com/images/M/MV5BZTI3N2M5N2EtMzg1Zi00N2VlLTliYjEtY2Y3YTgwNTA3NTJiXkEyXkFqcGdeQXVyMTU4NDUzMjAx._V1_.jpg,Not Rated,"Action, Thriller",PT2H39M,Telugu,40cr,9.2cr,34.6cr,3.4cr,31.2cr,Flop,AggregateRating,10,1,6.0,4544,,,,,,,
50,Movie,https://www.imdb.com/title/tt23475174/,Sarfira,"A man fights to make his dream of creating a low cost airline a reality, facing opposition from devious competitive airline owners who threaten his business and his passengers&apos; safety.",https://m.media-amazon.com/images/M/MV5BZTI2OWU2NDAtODhjNS00NTlmLThjNDgtOWI2ODc3YTRlOTUxXkEyXkFqcGc@._V1_.jpg,,Drama,PT2H35M,Hindi,90cr,4.2cr,33.8cr,4.5cr,29.3cr,Disaster,AggregateRating,10,1,8.0,7883,,,,,,,
51,Movie,https://www.imdb.com/title/tt23461428/,Lal Salaam,"A reckless townsman tries to mend his thug ways ends up resurrecting himself and proves to be worthy of the world, in the eyes of the same people who chased him away.",https://m.media-amazon.com/images/M/MV5BN2RmZGUxYmUtNTBhYS00YWM2LWI2NzktZTBjMjJkMmQyOWI0XkEyXkFqcGdeQXVyMTY1MzAyNjU4._V1_.jpg,,"Action, Drama, Sport",PT2H30M,Tamil,60cr,5.6cr,32.6cr,11.8cr,20.8cr,Disaster,AggregateRating,10,1,4.7,1117,,,,,,,
52,Movie,https://www.imdb.com/title/tt26655108/,The Family Star,"The highs and lows of family relationships in a Indian middle-class family. The life of Govardhan, who wants to achieve greatness in life but has to navigate through a myriad of relationship/trust/ego issues.",https://m.media-amazon.com/images/M/MV5BYWI2MTBmZmQtMzM5Ny00MDBmLWEzYWMtMzFkMjgzN2UwOTE1XkEyXkFqcGdeQXVyMTQ3Mzk2MDg4._V1_.jpg,,"Action, Drama, Romance",PT2H39M,Telugu,55cr,11.2cr,31.6cr,9.2cr,22.4cr,Disaster,AggregateRating,10,1,5.3,4718,,,,,,,
53,Movie,https://www.imdb.com/title/tt14753612/,Swatantrya Veer Savarkar,"The life journey of Indian freedom fighter and reformer Vinayak Damodar Savarkar, popularly known as Veer Savarkar.",https://m.media-amazon.com/images/M/MV5BNjI4N2E5YTYtMDhlZC00OGU5LThhMjYtYjY1OTI4OGQ1ZTNhXkEyXkFqcGc@._V1_.jpg,,"Biography, Drama",PT2H56M,Hindi,25cr,1.5cr,31.2cr,2.8cr,28.4cr,Average,AggregateRating,10,1,7.7,16746,,,,,,,
54,Movie,https://www.imdb.com/title/tt23023596/,Malaikottai Vaaliban,"Journey of Malaikottai Vaaliban, an undisputed warrior, transcends time and geographies, triumphing over every opponent he encounters.",https://m.media-amazon.com/images/M/MV5BZjU1ODRhYmYtNzYzYi00Y2UyLWJhYWQtMzQ3ODlhMzUwMDljXkEyXkFqcGdeQXVyNTA2MzMwMjA@._V1_.jpg,,"Action, Drama, Fantasy",PT2H36M,Malayalam,55cr,12.3cr,29.9cr,13.2cr,16.7cr,Disaster,AggregateRating,10,1,6.1,3904,,,,,,,
55,Movie,https://www.imdb.com/title/tt15392282/,Merry Christmas,Two strangers meet on a fateful Christmas Eve. A night of delirious romance turns into a nightmare. Revealing anything more would be a crime.,https://m.media-amazon.com/images/M/MV5BMmJjOTZhZjAtZmRiNC00ZWZlLWI2MDUtYjkyOTRkNDcxZjkwXkEyXkFqcGdeQXVyMTQ3Mzk2MDg4._V1_.jpg,,"Drama, Mystery, Thriller",PT2H24M,Hindi,50cr,3.4cr,27.2cr,4.3cr,22.9cr,Disaster,AggregateRating,10,1,6.9,28048,,,,,,,
56,Movie,https://www.imdb.com/title/tt26733322/,Bheema,"Bheema, an orphan raised by Ramanna, crosses paths with Dragon Manju&apos;s drug racket endangering young lives. Corrupt ministers exploit underprivileged individuals for political ambitions.",https://m.media-amazon.com/images/M/MV5BOGIxNTc5MjItZmY2OC00ZjMxLWE4YTYtZTU0MTZlN2JiYzMzXkEyXkFqcGdeQXVyNjY0OTkzMjk@._V1_.jpg,,Crime,PT2H28M,Kannada,10cr,4.8cr,26.2cr,cr,26.2cr,Super Hit,AggregateRating,10,1,6.0,709,,,,,,,
57,Movie,https://www.imdb.com/title/tt28539705/,Star,"Follows a youngster Kalai and his aspirations of becoming a &apos;Star&apos; in the Tamil Film Industry. Born in a lower-middle-class family, will Kalai overcome all his struggles to emerge as a Star?",https://m.media-amazon.com/images/M/MV5BNTJmNTU1YmEtMWZkMi00YWZjLTg5ODMtZGIyNTJkMmQxYjJhXkEyXkFqcGdeQXVyMTU0ODI1NTA2._V1_.jpg,,Drama,PT2H38M,Tamil,15cr,3.4cr,25.6cr,2.8cr,22.8cr,Hit,AggregateRating,10,1,6.6,1978,,,,,,,
58,Movie,https://www.imdb.com/title/tt27510257/,Thalavan,"Retired Dysp Udhayabhanu narrates events of his professional life in a TV program. He reveals the intriguing details of the &apos;Chepanamthota case&apos;, a milestone event in his career.",https://m.media-amazon.com/images/M/MV5BODhlZTkxODktMzRjZS00Y2RhLTgzZGMtNDcwZWExMWM4MThmXkEyXkFqcGdeQXVyMjUzMTMxNTU@._V1_.jpg,,"Crime, Mystery, Thriller",PT2H11M,Malayalam,8cr,0.8cr,25.2cr,7.6cr,17.6cr,Hit,AggregateRating,10,1,7.2,1873,,,,,,,
59,Movie,https://www.imdb.com/title/tt29274198/,Nunakkuzhi,A young man caught in a web of lies and mistaken identities.,https://m.media-amazon.com/images/M/MV5BOGQzNGRmYWYtOWY5NS00M2Q5LWJlYWEtNjA2ODEwZTI5ZWRiXkEyXkFqcGc@._V1_.jpg,,Mystery,PT2H5M,Malayalam,10cr,2.5cr,24.6cr,9.8cr,14.8cr,Hit,AggregateRating,10,1,7.0,1875,Nunakuzhi,,,,,,
60,Movie,https://www.imdb.com/title/tt27657791/,Gaami,"Shankar, an amnesiac Aghori who suffers from the fear of touch, goes on a dangerous Himalayan trail in search of a mythical cure for his condition. What happens when his past uncovers the way for him?",https://m.media-amazon.com/images/M/MV5BZjQ3MzBjYWUtYjE5Zi00NTgwLThlZGQtYjcwNzgyNjQzODQwXkEyXkFqcGdeQXVyMTIyNzY0NTMx._V1_.jpg,Not Rated,"Adventure, Drama, Fantasy",PT2H27M,Telugu,15cr,8.6cr,23.2cr,5.3cr,17.9cr,Hit,AggregateRating,10,1,6.5,1703,,,,,,,
61,Movie,https://www.imdb.com/title/tt15457802/,Ooru Peru Bhairavakona,"A man goes in search of some urgently required answers to the world of Bhairavakona, from which there&apos;s seemingly no way out.",https://m.media-amazon.com/images/M/MV5BOGIxZTE1NTUtNmEyYS00NjEwLTg2ZjAtMWMxYjNiMWNlNzJiXkEyXkFqcGc@._V1_.jpg,,"Fantasy, Thriller",PT2H13M,Telugu,15cr,4.8cr,22.8cr,2.4cr,20.4cr,Hit,AggregateRating,10,1,5.6,1628,,,,,,,
62,Movie,https://www.imdb.com/title/tt27043130/,Manamey,"A charismatic playboy&apos;s life is upended when a young boy enters his world, initially causing chaos but gradually becoming an integral part, exploring themes of love, family, and growth.",https://m.media-amazon.com/images/M/MV5BZmE2YWUyZmYtZWM4Ni00NTgxLWI2MmQtZjdlODNiYjUxNDRiXkEyXkFqcGc@._V1_.jpg,,Comedy,PT2H35M,Telugu,15cr,3.5cr,21.8cr,2.2cr,19.6cr,Hit,AggregateRating,10,1,6.0,316,,,,,,,
63,Movie,https://www.imdb.com/title/tt27349461/,Gangs of Godavari,A morally-corrupt man seeks to rise within the gritty world of politics and power - but his ambition could ultimately cost him his life.,https://m.media-amazon.com/images/M/MV5BZWRiYjkwYWMtYjYzMy00YzhlLThkN2ItZjllZWQ2Y2I5ZGU0XkEyXkFqcGc@._V1_.jpg,,"Action, Crime, Drama",PT2H45M,Telugu,20cr,7.8cr,20.8cr,2.4cr,18.4cr,Average,AggregateRating,10,1,5.0,809,,,,,,,
64,Movie,https://www.imdb.com/title/tt27610677/,Double Ismart,A notorious criminal with a terminal brain tumor hires a rogue scientist to transfer his mind into the body of a street-smart renegade with a unique memory transfer port in his brain.,https://m.media-amazon.com/images/M/MV5BZDdiMWQyMzYtOTI1ZS00NGYyLWEzYWUtYmRiZDYxNDhlMzM0XkEyXkFqcGc@._V1_.jpg,,"Action, Sci-Fi, Thriller",PT2H36M,Telugu,65cr,10.8cr,20.2cr,2.6cr,17.6cr,Disaster,AggregateRating,10,1,3.0,1393,,,,,,,
65,Movie,https://www.imdb.com/title/tt27118258/,Saindhav,"The protagonist, with a past, has to cross paths with the underworld if he has to save his daughter from a health crisis and time is running out.",https://m.media-amazon.com/images/M/MV5BNzE3YjcyYzMtNTRkNi00ZGY0LThiNzItNzJmZmIwNTAyODA1XkEyXkFqcGdeQXVyMTQ3Mzk2MDg4._V1_.jpg,Not Rated,"Action, Crime, Drama",PT2H18M,Telugu,40cr,5.6cr,19.6cr,1.8cr,17.8cr,Disaster,AggregateRating,10,1,5.0,1498,,,,,,,
66,Movie,https://www.imdb.com/title/tt31435642/,Om Bheem Bush,"Follows three scientists who come to a village to find a treasure, but things don&apos;t turn easy for them because there is black magic in that village.",https://m.media-amazon.com/images/M/MV5BZjkxOTA5NTYtOGUzMy00MjQxLTk0MzEtYjhhZjhiYjI0MmE2XkEyXkFqcGdeQXVyMTQ3Mzk2MDg4._V1_.jpg,,Comedy,PT2H30M,Telugu,15cr,3.8cr,19.4cr,3.6cr,15.8cr,Hit,AggregateRating,10,1,5.6,859,,,,,,,
67,Movie,https://www.imdb.com/title/tt26655359/,Malayalee from India,An unemployed young man named Aalparambil Gopi is compelled to embark on a journey away from his home. This unplanned trip ultimately changes the course of his life in a remarkable way.,https://m.media-amazon.com/images/M/MV5BNmE5ZGFmM2YtNDdkOC00Yzk3LWEyOWQtN2U5ZGE0ZjZhOTk2XkEyXkFqcGdeQXVyMjkxNzQ1NDI@._V1_.jpg,,"Action, Comedy, Drama",PT2H40M,Malayalam,25cr,3.4cr,18.6cr,6.2cr,12.4cr,Disaster,AggregateRating,10,1,5.6,4807,,,,,,,
68,Movie,https://www.imdb.com/title/tt29959142/,Committee Kurrollu,"In a peaceful West Godavari village, the harmony of a close-knit friend group is disrupted when a disagreement leads to an unexpected fallout, impacting their lives and the tranquility of their community.",https://m.media-amazon.com/images/M/MV5BOGFmNWE0ZjMtZDFlNy00YzY1LThlZDItZThmNTg3YjRjN2E0XkEyXkFqcGc@._V1_.jpg,,Drama,PT2H36M,Telugu,5cr,1.6cr,18.2cr,1.4cr,16.8cr,Blockbuster,AggregateRating,10,1,8.8,2572,,,,,,,
69,Movie,https://www.imdb.com/title/tt27577888/,Rathnam,Rathnam works as a henchman under MLA Panner Selvam. A girl travels to Vellore for an interview and a few rowdies try to kill her but Rathnam saves her and becomes her guardian angel. How long can he protect her?,https://m.media-amazon.com/images/M/MV5BMWNhYzdlZWMtMzRjYi00N2FmLTgzZWItNWZlM2RiMTUzOTk3XkEyXkFqcGc@._V1_.jpg,,Action,PT2H35M,Tamil,35cr,3.6cr,17.6cr,1.2cr,16.4cr,Disaster,AggregateRating,10,1,5.4,3255,,,,,,,
70,Movie,https://www.imdb.com/title/tt22869490/,Crakk: Jeetega... Toh Jiyegaa,The journey of a man from the slums of Mumbai to the world of underground extreme sports.,https://m.media-amazon.com/images/M/MV5BODFmOTM1OTgtMzU5MC00ZjY5LTk0NTctMjNhMmRiMjViZjNiXkEyXkFqcGc@._V1_.jpg,Not Rated,"Action, Sport, Thriller",PT2H34M,Hindi,50cr,4.2cr,17.4cr,1.2cr,16.2cr,Disaster,AggregateRating,10,1,4.7,6291,,,,,,,
71,Movie,https://www.imdb.com/title/tt13885428/,Anweshippin Kandethum,Revolves around two major crimes that shook kerala and the subsequent inquiry into the cases by sop.,https://m.media-amazon.com/images/M/MV5BYTFlYmMyZDYtNzhkOS00Njk3LWFmMTAtN2U0NTZmYzAwNTA3XkEyXkFqcGdeQXVyMjkxNzQ1NDI@._V1_.jpg,,"Crime, Drama, Thriller",PT2H22M,Malayalam,15cr,1.8cr,16.8cr,5.2cr,11.6cr,Flop,AggregateRating,10,1,7.4,8278,,,,,,,
72,Movie,https://www.imdb.com/title/tt28359277/,#AAY,,https://m.media-amazon.com/images/M/MV5BMTc2NzI1OGMtMjRiOC00MzNjLWJlNmQtZWMwNmIwYmY4MGJiXkEyXkFqcGc@._V1_.jpg,,Comedy,PT2H22M,Telugu,8cr,1.8cr,16.4cr,1.2cr,15.2cr,Blockbuster,AggregateRating,10,1,6.7,359,,,,,,,
73,Movie,https://www.imdb.com/title/tt26997803/,Bhimaa,Mysterious incidents at a historical temple bring a detective to a small town to investigate. He seeks the truth behind the strange happenings.,https://m.media-amazon.com/images/M/MV5BN2IxZWU5ODgtNzM2Yy00NzhmLWFiOTgtZWQwNTFjMmZjN2MyXkEyXkFqcGdeQXVyMTQ3Mzk2MDg4._V1_.jpg,,Action,PT2H21M,Telugu,20cr,4.3cr,15.8cr,1.2cr,14.6cr,Flop,AggregateRating,10,1,5.2,932,,,,,,,
74,Movie,https://www.imdb.com/title/tt21935200/,Siren,"An ambulance driver turned criminal eagerly awaits his release from prison, but it takes 14 years.",https://m.media-amazon.com/images/M/MV5BNWIxYjFkMjUtNjI3MS00NzdhLTlkZGItNThjNWZjMDlmOTdjXkEyXkFqcGdeQXVyMTY1MzAyNjU4._V1_.jpg,,"Action, Crime, Thriller",PT2H34M,Tamil,25cr,2.6cr,15.6cr,3.2cr,12.4cr,Disaster,AggregateRating,10,1,6.4,2700,,,,,,,
75,Movie,https://www.imdb.com/title/tt26659814/,Auron Mein Kahan Dum Tha,"After 20 years in prison, a man reunites with his lost love and the truth behind his crimes is revealed.",https://m.media-amazon.com/images/M/MV5BYjYxMjE0N2UtNGFkOC00NTliLWI1ODEtNWQ1ZmUyYjdmYmU4XkEyXkFqcGc@._V1_.jpg,,"Action, Crime, Drama",PT2H30M,Hindi,85cr,3.2cr,15.4cr,2.6cr,12.8cr,Disaster,AggregateRating,10,1,5.4,3729,,,,,,,
76,Movie,https://www.imdb.com/title/tt27494315/,Ambajipeta Marriage Band,"In a small village during the early 2000s, happy twins Mallikarjuna and Padmavati find their lives changing on their 25th birthday.",https://m.media-amazon.com/images/M/MV5BNGFiZDExNDEtYzhmNC00M2FiLWIzZTEtMTZkMDhhNGYzNWY0XkEyXkFqcGc@._V1_.jpg,,Drama,PT2H24M,Telugu,5cr,1.8cr,10.8cr,1.6cr,9.2cr,Super Hit,AggregateRating,10,1,6.6,697,,,,,,,
