,url,name,description,image,contentRating,genre,duration,Language,Budget,First Day Collection Worldwide,Worldwide Collection,Overseas Collection,India Gross Collection,Verdict,ratingValue,ratingCount,Comedy,Crime,History,Sci-Fi,Family,War,Mystery,Biography,Action,Thriller,Adventure,Drama,Horror,Musical,Romance
0,https://www.imdb.com/title/tt15354916/,Jawan,A prison warden recruits inmates to commit outrageous crimes that shed light on corruption and injustice - and that lead him to an unexpected reunion.,https://m.media-amazon.com/images/M/MV5BOWI5NmU3NTUtOTZiMS00YzA1LThlYTktNDJjYTU5NDFiMDUxXkEyXkFqcGdeQXVyMTUzNjEwNjM2._V1_.jpg,Not Rated,"Action, Crime, Drama",PT2H49M,0.0,285.0,129.6,1150.7,386.4,764.3cr,All Time Blockbuster,6.9,99782.0,0.0,1.0,0.0,0.0,0.0,0.0,0.0,0.0,1.0,0.0,0.0,1.0,0.0,0.0,0.0
1,https://www.imdb.com/title/tt12844910/,Pathaan,"An Indian agent races against a doomsday clock as a ruthless mercenary, with a bitter vendetta, mounts an apocalyptic attack against the country.",https://m.media-amazon.com/images/M/MV5BYTgzNjBjYTctOGJiZi00MTliLTk0YzYtNDJmYTQyMDdkMjQ5XkEyXkFqcGdeQXVyNTkzNDQ4ODc@._V1_.jpg,Not Rated,"Action, Adventure, Thriller",PT2H26M,0.0,250.0,104.8,1042.2,393.4,648.8cr,All Time Blockbuster,5.8,158182.0,0.0,0.0,0.0,0.0,0.0,0.0,0.0,0.0,1.0,1.0,1.0,0.0,0.0,0.0,0.0
2,https://www.imdb.com/title/tt13751694/,Animal,The hardened son of a powerful industrialist returns home after years abroad and vows to take bloody revenge on those threatening his father&apos;s life.,https://m.media-amazon.com/images/M/MV5BNGViM2M4NmUtMmNkNy00MTQ5LTk5MDYtNmNhODAzODkwOTJlXkEyXkFqcGdeQXVyMTY1NDY4NTIw._V1_.jpg,Not Rated,"Action, Crime, Drama",PT3H24M,0.0,140.0,115.9,910.4,250.6,659.8cr,Blockbuster,6.1,97797.0,0.0,1.0,0.0,0.0,0.0,0.0,0.0,0.0,1.0,0.0,0.0,1.0,0.0,0.0,0.0
3,https://www.imdb.com/title/tt15441054/,Gadar 2,"When Tara Singh goes missing during a skirmish and is believed to be captured in Pakistan, his son Jeetey sets out to rescue him and enters a labyrinth from which they both must escape at all costs.",https://m.media-amazon.com/images/M/MV5BODJkYjUzODctYmE0NS00NmJiLTljZGMtYmMxYzUxOTliZGY1XkEyXkFqcGc@._V1_.jpg,Not Rated,"Action, Adventure, Drama",PT2H50M,0.0,80.0,53.7,690.2,65.5,624.7cr,Blockbuster,5.1,22638.0,0.0,0.0,0.0,0.0,0.0,0.0,0.0,0.0,1.0,0.0,1.0,1.0,0.0,0.0,0.0
4,https://www.imdb.com/title/tt13927994/,Salaar: Part 1 - Ceasefire,"The fate of a violently contested kingdom hangs on the fraught bond between two friends-turned-foes in this saga of power, bloodshed and betrayal.",https://m.media-amazon.com/images/M/MV5BYWM5OGZjYTktYWNiNy00ZGMyLTlhMjEtNzY3MDY4MjhlZTljXkEyXkFqcGdeQXVyMTUwMDg3OTQy._V1_.jpg,Not Rated,"Action, Crime, Drama",PT2H55M,6.0,250.0,165.3,625.6,137.8,487.8cr,Hit,6.6,69122.0,0.0,1.0,0.0,0.0,0.0,0.0,0.0,0.0,1.0,0.0,0.0,1.0,0.0,0.0,0.0
5,https://www.imdb.com/title/tt15654328/,Leo,"Parthiban is a mild-mannered cafe owner in Kashmir, who fends off a gang of murderous thugs and gains attention from a drug cartel claiming he was once a part of them.",https://m.media-amazon.com/images/M/MV5BMmFiOGYyZjQtZmZmNC00ZTgzLWI5ZjktMTRiYzc5NjAzODRkXkEyXkFqcGdeQXVyMTYyNDkzNzgz._V1_.jpg,Not Rated,"Action, Crime, Drama",PT2H44M,5.0,225.0,142.8,615.6,203.7,411.9cr,Blockbuster,7.2,62590.0,0.0,1.0,0.0,0.0,0.0,0.0,0.0,0.0,1.0,0.0,0.0,1.0,0.0,0.0,0.0
6,https://www.imdb.com/title/tt11663228/,Jailer,"A retired jailer goes on a manhunt to find his son&apos;s killers. But the road leads him to a familiar, albeit a bit darker place. Can he emerge from this complex situation successfully?",https://m.media-amazon.com/images/M/MV5BNzFkNmZkMTctYjRhMS00ODZiLWFlNjQtZmZmN2IzMDJlNmVkXkEyXkFqcGdeQXVyMTY1MzAyNjU4._V1_.jpg,Not Rated,"Action, Comedy, Crime",PT2H48M,5.0,200.0,91.2,605.8,192.3,413.5cr,Blockbuster,7.1,37203.0,1.0,1.0,0.0,0.0,0.0,0.0,0.0,0.0,1.0,0.0,0.0,0.0,0.0,0.0,0.0
7,https://www.imdb.com/title/tt18411490/,Tiger 3,Tiger and Zoya are back - to save the country and their family. This time it&apos;s personal.,https://m.media-amazon.com/images/M/MV5BYzQwMGZlYTUtODUwNi00ZjQxLWEzODAtZGU3Zjc0MmNhMzhkXkEyXkFqcGdeQXVyNTkzNDQ4ODc@._V1_.jpg,Not Rated,"Action, Adventure, Thriller",PT2H35M,0.0,250.0,94.8,466.4,123.5,342.9cr,Hit,5.7,54035.0,0.0,0.0,0.0,0.0,0.0,0.0,0.0,0.0,1.0,1.0,1.0,0.0,0.0,0.0,0.0
8,https://www.imdb.com/title/tt15428134/,Dunki,"When his friends in Punjab struggle to clear the immigration process, an ex-soldier guides them on a risky journey to enter the UK without permission.",https://m.media-amazon.com/images/M/MV5BMzQ0NDRhNmItYzllYS00NDdlLTk0YTctZDQ5YmFkYjdkNDcyXkEyXkFqcGdeQXVyNTYwMzA0MTM@._V1_.jpg,Not Rated,"Action, Adventure, Comedy",PT2H40M,0.0,175.0,58.2,436.8,195.6,241.2cr,Average,6.6,77892.0,1.0,0.0,0.0,0.0,0.0,0.0,0.0,0.0,1.0,0.0,1.0,0.0,0.0,0.0,0.0
9,https://www.imdb.com/title/tt12915716/,Adipurush,A modern adaptation of the Indian epic Ramayana which follows the exiled prince Raghav&apos;s journey to rescue his wife Janaki from the demon king Lankesh.,https://m.media-amazon.com/images/M/MV5BMTIwZWI0Y2YtZGJhZC00MjU4LTliZTUtODVjZjk4Y2FlYzI1XkEyXkFqcGdeQXVyMTE0MTY2Mzk2._V1_.jpg,,"Action, Adventure, Drama",PT2H59M,6.0,375.0,136.8,397.8,52.3,345.5cr,Average,2.7,133902.0,0.0,0.0,0.0,0.0,0.0,0.0,0.0,0.0,1.0,0.0,1.0,1.0,0.0,0.0,0.0
10,https://www.imdb.com/title/tt14993250/,Rocky Aur Rani Kii Prem Kahaani,"Flamboyant Punjabi Rocky and intellectual Bengali journalist Rani fall in love despite their differences. After facing family opposition, they decide to live with each other&apos;s families for three months before getting married.",https://m.media-amazon.com/images/M/MV5BNzAyOWQ4MjUtMGNkMi00ODBkLWEyZDgtY2Q0YjJhYjg3MzNlXkEyXkFqcGdeQXVyMTUxMTM3OTc1._V1_.jpg,Not Rated,"Comedy, Drama, Family",PT2H48M,0.0,150.0,23.5,355.6,172.8,182.8cr,Hit,6.5,42971.0,1.0,0.0,0.0,0.0,1.0,0.0,0.0,0.0,0.0,0.0,0.0,1.0,0.0,0.0,0.0
11,https://www.imdb.com/title/tt22444570/,Ponniyin Selvan: Part Two,"Arulmozhi Varman continues on his journey to become Rajaraja I, the greatest ruler of the historic Chola empire of south India.",https://m.media-amazon.com/images/M/MV5BNmQ3NGM5ODMtNDhjYS00MDQwLWEwNjItNjZiNjdkMmQ3NjQzXkEyXkFqcGdeQXVyMTY0MDk0NjE3._V1_.jpg,Not Rated,"Action, Adventure, Drama",PT2H44M,5.0,250.0,64.5,343.5,128.2,215.3cr,Hit,7.3,18517.0,0.0,0.0,0.0,0.0,0.0,0.0,0.0,0.0,1.0,0.0,1.0,1.0,0.0,0.0,0.0
12,https://www.imdb.com/title/tt11998558/,Varisu,"Vijay Rajendran is a happy to-go lucky man. Things change when his father becomes terminally ill, and he is left to manage his business empire.",https://m.media-amazon.com/images/M/MV5BMjE4YjgyMGQtMWM0MS00MGVjLTlmNzYtMTNiNGY1NTNlZjJiXkEyXkFqcGdeQXVyMTEzNzg0Mjkx._V1_.jpg,Not Rated,"Action, Comedy, Drama",PT2H49M,5.0,175.0,46.5,292.8,87.3,205.5cr,Super Hit,6.0,38892.0,1.0,0.0,0.0,0.0,0.0,0.0,0.0,0.0,1.0,0.0,0.0,1.0,0.0,0.0,0.0
13,https://www.imdb.com/title/tt15281402/,Waltair Veerayya,A fisherman who engages in smuggling accepts a request from a disheveled police officer in order to use it to his personal advantage,https://m.media-amazon.com/images/M/MV5BNzE4ZDNjNDctNTk3Yy00MzllLWFjMGUtYjNiMzk1MmIzMmMxXkEyXkFqcGdeQXVyMTA3MDk2NDg2._V1_.jpg,Not Rated,"Action, Drama",PT2H35M,6.0,125.0,44.6,236.2,28.7,207.5cr,Blockbuster,6.2,7733.0,0.0,0.0,0.0,0.0,0.0,0.0,0.0,0.0,1.0,0.0,0.0,1.0,0.0,0.0,0.0
14,https://www.imdb.com/title/tt24268454/,The Kerala Story,"A converted Muslim woman Fatima Ba narrates her ordeal of how she once wanted to become a nurse but was abducted from her home and manipulated by religious vanguards, turned into an ISIS terrorist and landed in Afghanistan jail.",https://m.media-amazon.com/images/M/MV5BYTlkZWMxYTQtY2UzYi00NTRmLTk3ZTMtZjQxZmNhNWFlMWEwXkEyXkFqcGdeQXVyMTIyNzY0NTMx._V1_.jpg,,Drama,PT2H18M,0.0,25.0,9.5,285.6,15.8,269.8cr,Blockbuster,6.9,73245.0,0.0,0.0,0.0,0.0,0.0,0.0,0.0,0.0,0.0,0.0,0.0,1.0,0.0,0.0,0.0
15,https://www.imdb.com/title/tt15732324/,OMG 2,An unhappy civilian asks the court to mandate comprehensive education in schools in a dramatic yet amusing courtroom play.,https://m.media-amazon.com/images/M/MV5BNmQ3MThkOWEtNTA0NC00YzI2LWIxZjEtZjdlZTVmNzQ2ZGViXkEyXkFqcGdeQXVyODE5NzE3OTE@._V1_.jpg,TV-MA,"Comedy, Drama",PT2H36M,0.0,95.0,12.5,221.2,42.4,178.8cr,Super Hit,7.5,43426.0,1.0,0.0,0.0,0.0,0.0,0.0,0.0,0.0,0.0,0.0,0.0,1.0,0.0,0.0,0.0
16,https://www.imdb.com/title/tt15163652/,Thunivu,A mysterious mastermind - Daredevil and his team forms a plan and commits bank heist to find the corporate looted people&apos;s money.,https://m.media-amazon.com/images/M/MV5BY2M0ODYyOGEtZWMyMC00NWM5LWJiNjEtNjBlYTEzNGZjOTk0XkEyXkFqcGdeQXVyMTY1MzAyNjU4._V1_.jpg,Not Rated,"Action, Crime, Drama",PT2H26M,5.0,115.0,39.6,196.8,55.3,141.5cr,Hit,6.1,29618.0,0.0,1.0,0.0,0.0,0.0,0.0,0.0,0.0,1.0,0.0,0.0,1.0,0.0,0.0,0.0
17,https://www.imdb.com/title/tt8672856/,Tu Jhoothi Main Makkaar,"Madness ensues when a &apos;player&apos; in the world of romantic relationships finds a girl who&apos;s a worthy opponent, that believes love is a battle of wits.",https://m.media-amazon.com/images/M/MV5BNmZmYWFiYzAtY2RhMC00MDRiLWI1M2YtNzRkZGNmYTIwZDI4XkEyXkFqcGdeQXVyODE5NzE3OTE@._V1_.jpg,Not Rated,"Comedy, Romance",PT2H30M,0.0,90.0,22.3,192.8,47.4,168.4cr,Hit,6.0,28203.0,1.0,0.0,0.0,0.0,0.0,0.0,0.0,0.0,0.0,0.0,0.0,0.0,0.0,0.0,1.0
18,https://www.imdb.com/title/tt3679040/,Kisi Ka Bhai Kisi Ki Jaan,"The eldest brother refuses to marry since he believes it may create disharmony in his big family. His brothers, who&apos;ve already found partners, come together to find a match for him.",https://m.media-amazon.com/images/M/MV5BZjk0ZjlhNDctMzAwZC00ZTAyLTliZTItOTRiNjMzNTAxODY3XkEyXkFqcGdeQXVyODE5NzE3OTE@._V1_.jpg,Not Rated,"Action, Comedy, Drama",PT2H25M,0.0,125.0,26.3,182.5,50.8,131.7cr,Average,4.0,40945.0,1.0,0.0,0.0,0.0,0.0,0.0,0.0,0.0,1.0,0.0,0.0,1.0,0.0,0.0,0.0
19,https://www.imdb.com/title/tt9006564/,2018,A disaster film set during the 2018 Kerala Floods where people from all walks of life faced catastrophic consequences and put in collective efforts to survive the calamity.,https://m.media-amazon.com/images/M/MV5BZWFhZjBjY2ItMmZmMC00N2RjLTg2ZjktNDUwNmYwNmVjMDA5XkEyXkFqcGdeQXVyMjkxNzQ1NDI@._V1_.jpg,Not Rated,"Action, Drama, Thriller",PT2H30M,2.0,15.0,3.5,180.5,67.8,112.7cr,All Time Blockbuster,8.3,13200.0,0.0,0.0,0.0,0.0,0.0,0.0,0.0,0.0,1.0,1.0,0.0,1.0,0.0,0.0,0.0
21,https://www.imdb.com/title/tt22086334/,Dream Girl 2,"Karam, who is trying to live a serious life in Mathura and falls in love with Pari but life is hell bent on not taking him seriously. In a turn of events Karam becomes Pooja which creates further chaos in his already chaotic life.",https://m.media-amazon.com/images/M/MV5BZGI3OTFkMTYtOGRlNC00NzRiLThlNWEtOGU0YzdkYWRiOWU0XkEyXkFqcGdeQXVyODE5NzE3OTE@._V1_.jpg,,"Comedy, Drama, Romance",PT2H14M,0.0,65.0,12.6,140.2,15.6,124.6cr,Hit,5.2,11582.0,0.0,0.0,0.0,0.0,0.0,0.0,0.0,0.0,1.0,0.0,0.0,1.0,0.0,0.0,0.0
24,https://www.imdb.com/title/tt15387190/,Veera Simha Reddy,"Veera Simha Reddy is a revered man in a village and his son Jai Simha Reddy settles in the USA. When his father gets killed in the village politics, Jai Simha returns to India and takes revenge on who killed his father.",https://m.media-amazon.com/images/M/MV5BZmI0MTEyOWMtYTgzMi00ZGU4LWJhNDQtOWY0NDAyMmQ2NmUyXkEyXkFqcGdeQXVyMTU4Mzg1OTU2._V1_.jpg,,"Action, Drama",PT2H50M,6.0,85.0,50.2,130.7,15.5,115.2cr,Hit,4.9,6325.0,0.0,0.0,0.0,0.0,0.0,0.0,0.0,0.0,1.0,0.0,1.0,1.0,0.0,0.0,0.0
25,https://www.imdb.com/title/tt26445483/,Fukrey 3,The friends facing disastrously funny situations together and having each other&apos;s backs through the trenches to make it out of a new mess this time.,https://m.media-amazon.com/images/M/MV5BZWUyZjJlOTAtM2ZkOC00ZDY1LTlhODUtMDZmMDVmMDgzMDFkXkEyXkFqcGdeQXVyOTc4NTg3MDM@._V1_.jpg,Not Rated,"Comedy, Crime, Drama",PT2H27M,0.0,45.0,12.4,128.4,13.5,114.9cr,Super Hit,5.5,24430.0,1.0,0.0,0.0,0.0,0.0,0.0,0.0,0.0,0.0,0.0,0.0,1.0,0.0,1.0,0.0
26,https://www.imdb.com/title/tt10786774/,Sam Bahadur,Revolves around the high and low points of Sam Manekshaw who became the first Indian Army officer to be promoted to the rank of Field Marshal.,https://m.media-amazon.com/images/M/MV5BYTE2Mjg4ZTUtMTVhZi00NmUxLTgwZDItY2E1MDQwMTU3NzBmXkEyXkFqcGdeQXVyMTUyNjIwMDEw._V1_.jpg,,"Biography, Drama, War",PT2H30M,0.0,55.0,8.4,127.3,17.6,109.7cr,Super Hit,7.7,18180.0,0.0,0.0,0.0,0.0,0.0,0.0,0.0,0.0,1.0,0.0,0.0,1.0,0.0,0.0,0.0
27,https://www.imdb.com/title/tt15440322/,Dasara,A brutal act sends an irresponsible small-time criminal on a mission of revenge.,https://m.media-amazon.com/images/M/MV5BNzkxNmQ5NGItZDFiZi00MTFiLWFmZTktODAxODliZDkzZTY4XkEyXkFqcGc@._V1_.jpg,Not Rated,"Action, Adventure, Drama",PT2H36M,6.0,55.0,38.7,120.4,21.8,98.6cr,Super Hit,6.6,10900.0,1.0,0.0,0.0,0.0,1.0,0.0,0.0,0.0,0.0,0.0,0.0,1.0,0.0,0.0,0.0
28,https://www.imdb.com/title/tt14914988/,Satyaprem Ki Katha,"A middle-class boy in Ahmedabad, Satyaprem falling in one-sided love with Katha, who is coping with her breakup with Tapan. Through the journey, they discover each other&apos;s life and complement in accomplishing what was left halfway.",https://m.media-amazon.com/images/M/MV5BNTJiM2U3NTctNTAwNi00ZmQ5LThmNDUtYjI4MDdhYzQ5ZmExXkEyXkFqcGdeQXVyMTU0ODI1NTA2._V1_.jpg,,"Comedy, Drama, Musical",PT2H26M,0.0,75.0,9.3,117.2,25.4,91.8cr,Average,6.7,30618.0,0.0,0.0,0.0,0.0,0.0,0.0,0.0,0.0,1.0,1.0,0.0,1.0,0.0,0.0,0.0
29,https://www.imdb.com/title/tt15427980/,Vaathi,"When a private school teacher is assigned to a neglected public school, he must overcome personal and political strife in his fight for education.",https://m.media-amazon.com/images/M/MV5BOTA0OTkxZjEtNTgwZC00NDgwLTljNDAtODhlMDBmMzU0N2EzXkEyXkFqcGdeQXVyMTMzNzIyNDc1._V1_.jpg,Not Rated,"Action, Drama",PT2H19M,5.0,40.0,14.8,116.5,24.65,91.85cr,Blockbuster,7.3,10689.0,1.0,0.0,0.0,0.0,1.0,0.0,0.0,0.0,0.0,0.0,0.0,1.0,0.0,0.0,0.0
30,https://www.imdb.com/title/tt26675491/,Bro,An arrogant man is given a second chance to fix his mistakes after death.,https://m.media-amazon.com/images/M/MV5BN2M2ZTM2MzMtZGMzMy00Yzc2LWEwNTUtNTI4OGJiNzYwZTUxXkEyXkFqcGdeQXVyMTUyNjIwMDEw._V1_.jpg,Not Rated,"Comedy, Drama, Family",PT2H14M,6.0,125.0,48.5,114.8,16.5,98.3cr,Flop,6.1,10578.0,0.0,1.0,0.0,0.0,0.0,0.0,0.0,0.0,1.0,0.0,1.0,0.0,0.0,0.0,0.0
31,https://www.imdb.com/title/tt21810110/,Bhagavanth Kesari,Nelakonda Bhagavanth Kesari is adamant about getting even with a powerful businessman who cost him money. He is prepared to square off against the formidable foe and resolve their issues amicably.,https://m.media-amazon.com/images/M/MV5BMTEwYjcxZmMtMDQxOS00YmUxLWI5ZDEtNDNlYzMzZmEwYzRkXkEyXkFqcGdeQXVyMTQ3Mzk2MDg4._V1_.jpg,,"Action, Drama, Thriller",PT2H44M,6.0,85.0,28.3,114.5,16.2,98.3cr,Hit,5.9,4772.0,1.0,1.0,0.0,0.0,0.0,0.0,0.0,0.0,1.0,0.0,0.0,0.0,0.0,0.0,0.0
32,https://www.imdb.com/title/tt15576460/,Zara Hatke Zara Bachke,"Kapil and Somya are a happily married couple from Indore who live in a joint family and decide to get a divorce one fine day. Things don&apos;t go as planned as their family gets to know of it, and thus begins a comedy of errors.",https://m.media-amazon.com/images/M/MV5BNGZmMjg3ZDEtZDRmZC00ZGNjLTlkZDktYWY4YWFhZTIwYjA0XkEyXkFqcGc@._V1_.jpg,Not Rated,"Comedy, Drama, Family",PT2H12M,0.0,50.0,6.5,112.5,11.3,101.2cr,Super Hit,6.0,16092.0,1.0,0.0,0.0,0.0,0.0,0.0,0.0,0.0,0.0,0.0,0.0,1.0,0.0,0.0,1.0
33,https://www.imdb.com/title/tt15302222/,Bholaa,"After getting out of prison with the desire to meet his daughter, Bholaa&apos;s plans are interrupted by a well-orchestrated drug bust.",https://m.media-amazon.com/images/M/MV5BNTI1NGI5ZTItZjJhNC00NDQyLWE1YmMtMTMwZmJiNTNjYWZjXkEyXkFqcGdeQXVyNDYwMjI1MzI@._V1_.jpg,Not Rated,"Action, Adventure, Crime",PT2H24M,0.0,115.0,16.5,110.5,14.2,96.3cr,Flop,5.8,22658.0,1.0,0.0,0.0,0.0,1.0,0.0,0.0,0.0,0.0,0.0,0.0,1.0,0.0,0.0,0.0
34,https://www.imdb.com/title/tt23052532/,Mark Antony,"Mark, the son of gangster Antony, finds a telephone that has the ability to contact the past.",https://m.media-amazon.com/images/M/MV5BNWZmMWM0OTYtYjYxMC00ZDQzLTllMzktYWMwZWFkYWYzNjU5XkEyXkFqcGdeQXVyOTE2NDU1NDM@._V1_.jpg,,"Action, Comedy, Crime",PT2H30M,5.0,35.0,11.5,104.5,18.7,85.8cr,Blockbuster,6.6,5667.0,0.0,0.0,0.0,0.0,0.0,0.0,1.0,0.0,1.0,0.0,0.0,0.0,1.0,0.0,0.0
35,https://www.imdb.com/title/tt11720440/,Carry on Jatta 3,"Advocate Dhillon&apos;s son, Jass, is in love with Meet but her brothers get in a tussle with Adv. Dhillon. As a result, Adv. Dhillon rejects Meet&apos;s hand in marriage. Left with no option, Jass weaves a madhouse plan to propose to his f...",https://m.media-amazon.com/images/M/MV5BMGNmN2ExNzUtNDJiNC00YTY1LWIzYzYtZWY2ODM2NTc1NWY4XkEyXkFqcGdeQXVyMTIwNTMwNzg2._V1_.jpg,,"Comedy, Drama, Romance",PT2H16M,4.0,15.0,10.2,101.5,45.8,55.7cr,All Time Blockbuster,6.0,11168.0,0.0,0.0,0.0,0.0,0.0,0.0,0.0,0.0,0.0,0.0,0.0,1.0,0.0,0.0,1.0
36,https://www.imdb.com/title/tt15554914/,Baipan Bhari Deva,Six estranged sisters who are forced to come together for a Managalagaur competition. Can they overcome their past and face their struggles?,https://m.media-amazon.com/images/M/MV5BMDlhMThjNzUtMDllMi00ZDdmLWEyOGEtZmIwZTNlZmNiNDk0XkEyXkFqcGdeQXVyMzA5NzAyMDU@._V1_.jpg,,"Comedy, Drama, Family",PT2H17M,3.0,5.0,1.5,90.5,0.0,90.5cr,Blockbuster,8.0,1050.0,0.0,0.0,0.0,0.0,0.0,0.0,0.0,0.0,0.0,1.0,0.0,1.0,0.0,0.0,0.0
37,https://www.imdb.com/title/tt24059780/,Virupaksha,"When a man visits his ancestral village, where terror reigns after a chain of unexplained deaths, he must unravel mystical secrets before it&apos;s too late.",https://m.media-amazon.com/images/M/MV5BNzFiYThjMzYtNGJlZi00NmU3LWIwZTItZjgyNTJiNmE0OGQ3XkEyXkFqcGdeQXVyNjQ1MDcxNzM@._V1_.jpg,Not Rated,"Action, Horror, Mystery",PT2H25M,6.0,35.0,11.8,90.25,14.6,75.65cr,Blockbuster,7.2,6416.0,0.0,0.0,0.0,0.0,0.0,0.0,0.0,0.0,1.0,0.0,1.0,0.0,0.0,0.0,0.0
38,https://www.imdb.com/title/tt16118524/,Baby,Two high-school sweethearts face challenges in their relationship when they take different directions in life.,https://m.media-amazon.com/images/M/MV5BYmRlNmYxMzUtY2E1Mi00ZWVjLWE0NTYtNTQ3NmJhM2I1YWJmXkEyXkFqcGc@._V1_.jpg,,"Drama, Romance",PT2H55M,6.0,10.0,6.5,85.4,7.6,77.8cr,Blockbuster,7.1,8515.0,0.0,1.0,0.0,0.0,0.0,0.0,0.0,0.0,1.0,0.0,0.0,1.0,0.0,0.0,0.0
39,https://www.imdb.com/title/tt28358950/,Neru,"Sara, a blind sculptor, seeks justice after suffering trauma. She contends with the legal system and her own resilience to find resolution.",https://m.media-amazon.com/images/M/MV5BMTNjODdkNzUtZWEzOC00MWJjLWJmYzMtYjM3NjQyM2M4NzI5XkEyXkFqcGdeQXVyNTI0NzYwMTI@._V1_.jpg,,"Drama, Thriller",PT2H30M,2.0,15.0,5.9,85.2,32.4,52.8cr,Blockbuster,7.5,7866.0,1.0,0.0,0.0,0.0,0.0,0.0,0.0,0.0,1.0,0.0,0.0,1.0,0.0,0.0,0.0
40,https://www.imdb.com/title/tt24517458/,RDX: Robert Dony Xavier,The life of three mysterious individuals take a turn as their faces gets exposed.,https://m.media-amazon.com/images/M/MV5BYzcwZTZmOTUtMGE2Ny00ZWU3LWEwZjAtNzdjZWNlNGJmYWM1XkEyXkFqcGdeQXVyMjkxNzQ1NDI@._V1_.jpg,Not Rated,"Action, Adventure",PT2H31M,2.0,10.0,2.5,84.2,28.7,55.5cr,Blockbuster,7.1,5429.0,0.0,0.0,0.0,0.0,1.0,0.0,0.0,0.0,0.0,0.0,0.0,1.0,0.0,0.0,1.0
41,https://www.imdb.com/title/tt25274786/,Kannur Squad,"The gripping saga of a police officer and his team, their challenging journey to nab a criminal gang across the country. Further, it shows how he leads his team towards triumph, amidst professional uncertainties in this gripping d...",https://m.media-amazon.com/images/M/MV5BZTE4Y2NiYTQtODM1OC00NTQ4LTllOTItMzQwYWExOTRlNzhkXkEyXkFqcGc@._V1_.jpg,,"Action, Crime, Drama",PT2H41M,2.0,25.0,5.2,82.3,34.5,47.8cr,Blockbuster,7.6,9181.0,1.0,0.0,0.0,0.0,0.0,0.0,0.0,0.0,0.0,0.0,0.0,1.0,0.0,0.0,1.0
42,https://www.imdb.com/title/tt22543326/,Maaveeran,"A cowardly cartoonist starts being &apos;controlled&apos; by a cartoon action figure, and takes on a corrupt politician.",https://m.media-amazon.com/images/M/MV5BZGMxMGZmZDItMjY5NC00OTVhLWE2MWEtNzJiZTU1NzI1MTllXkEyXkFqcGc@._V1_.jpg,,"Action, Comedy, Drama",PT2H43M,5.0,55.0,11.5,80.2,15.4,64.8cr,Average,7.4,9723.0,0.0,0.0,1.0,0.0,0.0,0.0,0.0,0.0,1.0,0.0,0.0,1.0,0.0,0.0,0.0
43,https://www.imdb.com/title/tt25433734/,Hi Nanna,A single father begins to narrate the story of the missing mother to his child and nothing remains the same.,https://m.media-amazon.com/images/M/MV5BMjZkNTdhOTMtYzg0Yy00YjA4LTljOTQtZWRkNTZkMTY3Y2Y3XkEyXkFqcGdeQXVyMTUzNTgzNzM0._V1_.jpg,,"Drama, Family, Romance",PT2H35M,6.0,45.0,10.5,77.2,18.5,58.7cr,Super Hit,8.2,17538.0,0.0,0.0,0.0,0.0,0.0,0.0,0.0,0.0,1.0,1.0,0.0,1.0,0.0,0.0,0.0
44,https://www.imdb.com/title/tt15380630/,Kushi,"Raised in an atheist household, a young man falls in love with the daughter of his father&apos;s arch-rival, a devout Hindu leader.",https://m.media-amazon.com/images/M/MV5BNmU2Nzc2ZmItMTc5ZS00ZTE5LWEyOTMtMzIwYjBkNTI3Mjg4XkEyXkFqcGdeQXVyMTUyNjIwMDEw._V1_.jpg,Not Rated,"Comedy, Drama, Romance",PT2H43M,6.0,55.0,26.8,76.8,18.9,57.9cr,Average,5.4,8204.0,0.0,0.0,0.0,0.0,0.0,0.0,0.0,1.0,0.0,0.0,0.0,1.0,0.0,0.0,0.0
45,https://www.imdb.com/title/tt15464390/,Mastaney,"Set in 1739, Nadar Shah&apos;s undefeated army was attacked by Sikh Rebellions. Nadar demands to arrest them but it doesn&apos;t work out. Five ordinary men are hired to play Sikh Rebellions but over time they learn what Sikhs are.",https://m.media-amazon.com/images/M/MV5BYTZjMWEwM2EtZmZhYi00MGZlLWI4MWEtYjkxODBmZDJmNzEyXkEyXkFqcGdeQXVyODQwMDcwNDY@._V1_.jpg,,"Action, Drama, History",PT2H30M,4.0,20.0,7.3,74.2,41.4,32.8cr,Blockbuster,7.5,5415.0,1.0,0.0,0.0,0.0,0.0,0.0,0.0,0.0,0.0,0.0,0.0,0.0,1.0,0.0,0.0
46,https://www.imdb.com/title/tt20242416/,Maamannan,"The community that was exploited by the town&apos;s influential man, who completely rules due to the powerful backing of the authorities. A man collects evidence to flip him upside down when he was helpless to stop his endless torture.",https://m.media-amazon.com/images/M/MV5BNjFmMTI3MTUtMTdmNS00ODI0LWEwM2UtMDVjOTAxZmFhODg5XkEyXkFqcGdeQXVyMTY1MzAyNjU4._V1_.jpg,,"Action, Drama, Thriller",PT2H37M,5.0,30.0,11.2,73.8,12.5,60.3cr,Blockbuster,6.7,5788.0,1.0,0.0,0.0,0.0,0.0,0.0,0.0,0.0,1.0,0.0,0.0,1.0,0.0,0.0,0.0
48,https://www.imdb.com/title/tt23849204/,12th Fail,The real-life story of IPS Officer Manoj Kumar Sharma and IRS Officer Shraddha Joshi.,https://m.media-amazon.com/images/M/MV5BNTE3OTIxZDYtNjA0NC00N2YxLTg1NGQtOTYxNmZkMDkwOWNjXkEyXkFqcGc@._V1_.jpg,,"Biography, Drama",PT2H27M,0.0,25.0,1.5,69.7,2.3,67.4cr,Blockbuster,8.9,128350.0,0.0,1.0,0.0,0.0,0.0,0.0,0.0,0.0,1.0,0.0,0.0,1.0,0.0,0.0,0.0
49,https://www.imdb.com/title/tt20249418/,Romancham,A game of Ouija board goes hilariously wrong when seven bachelors unexpectedly invite a spirit and try to make the best out of the situation.,https://m.media-amazon.com/images/M/MV5BOWRkNDBiMTAtMmJmZi00MzlmLWJjMzUtNDg2YmUzMzRlZmVlXkEyXkFqcGdeQXVyMjkxNzQ1NDI@._V1_.jpg,,"Comedy, Horror",PT2H10M,2.0,3.0,0.5,69.6,23.4,46.2cr,Blockbuster,7.5,8150.0,1.0,0.0,0.0,0.0,0.0,0.0,0.0,0.0,1.0,0.0,0.0,1.0,0.0,0.0,0.0
50,https://www.imdb.com/title/tt24226474/,Jigarthanda DoubleX,"In 1975, a filmmaker agrees to collaborate on a film with a gangster who wishes to become a famous actor.",https://m.media-amazon.com/images/M/MV5BYzgwNDdjNGItYjRkOS00ZjZiLWI1YjktZjk4YzBjZmJlNTU0XkEyXkFqcGdeQXVyMTY1MzAyNjU4._V1_.jpg,,"Action, Comedy, Drama",PT2H52M,5.0,60.0,7.3,68.5,12.3,56.2cr,Average,8.0,10021.0,0.0,1.0,0.0,0.0,0.0,0.0,0.0,0.0,1.0,0.0,0.0,1.0,0.0,0.0,0.0
52,https://www.imdb.com/title/tt27328206/,Skanda: The Attacker,The prodigal son of a respected leader takes on two political rivals and forms bonds with their daughters in this Telugu-language action drama.,https://m.media-amazon.com/images/M/MV5BMWZjOWViOGQtMTg1Yy00OGFmLTgyZmEtMWQwM2U4MTBhZTc1XkEyXkFqcGdeQXVyMTUwMDg3OTQy._V1_.jpg,,"Action, Drama, Romance",PT2H47M,6.0,65.0,17.2,59.2,5.4,53.8cr,Flop,4.2,2903.0,0.0,1.0,0.0,0.0,0.0,0.0,0.0,0.0,1.0,0.0,0.0,1.0,0.0,0.0,0.0
53,https://www.imdb.com/title/tt11396310/,Viduthalai Part 1,A police officer is recruited to capture the leader of a separatist group.,https://m.media-amazon.com/images/M/MV5BMjZhY2M5YjAtNDQ4NS00MDExLTlhMjctMmZmZmVkMTI3MjA4XkEyXkFqcGdeQXVyMTIyNzY0NTMx._V1_.jpg,Not Rated,"Action, Crime, Drama",PT2H30M,5.0,20.0,4.5,55.6,8.7,46.9cr,Blockbuster,8.3,9114.0,1.0,0.0,0.0,0.0,0.0,0.0,0.0,0.0,1.0,0.0,0.0,1.0,0.0,0.0,0.0
57,https://www.imdb.com/title/tt12132908/,Chandramukhi 2,"A wealthy family faces numerous problems and reunites with their long-lost relatives to pray to their deity for solutions, unaware it will reawaken the feud between a classical dancer, Chandramukhi and Vettaiyan Raja from centurie...",https://m.media-amazon.com/images/M/MV5BNTVlNmYxNTQtOGQxMi00YjI0LThiN2UtZjg4OWZiZDI1NzJhXkEyXkFqcGdeQXVyMTY1MzAyNjU4._V1_.jpg,,"Action, Comedy, Drama",PT2H52M,5.0,65.0,12.3,54.2,7.4,46.8cr,Flop,2.6,3259.0,0.0,1.0,0.0,0.0,0.0,0.0,0.0,0.0,1.0,1.0,0.0,0.0,0.0,0.0,0.0
59,https://www.imdb.com/title/tt9688874/,Tiger Nageswara Rao,"A legendary real-life robber of Stuartpuram, Andhra Pradesh called Tiger Nageswara Rao in the 1970s, who was noted for his ingenious ways of evading the police and prison.",https://m.media-amazon.com/images/M/MV5BNDc2YzZiYjItY2IzMC00ZWQ2LThiZDktMDUyZjA1MTVkMzI1XkEyXkFqcGc@._V1_.jpg,Not Rated,"Action, Crime, Drama",PT2H52M,6.0,50.0,9.3,52.6,4.7,47.9cr,Flop,6.0,3860.0,0.0,1.0,0.0,0.0,0.0,0.0,0.0,0.0,1.0,0.0,0.0,1.0,0.0,0.0,0.0
60,https://www.imdb.com/title/tt15891388/,Miss. Shetty Mr. Polishetty,"Miss Shetty is a feminist living in London and wants to be single forever. Mr. Polishetty from Hyderabad in Telangana, India, wants to be in a committed relationship. The two appear to be in different stages of life but somehow co...",https://m.media-amazon.com/images/M/MV5BNWE5NGZkOWYtODlkZS00Mzk5LWIzZjgtMjk4NzAxNzFmODA3XkEyXkFqcGdeQXVyMTQ3Mzk2MDg4._V1_.jpg,Not Rated,"Comedy, Drama, Romance",PT2H29M,6.0,15.0,5.8,48.6,17.2,31.4cr,Super Hit,7.0,4415.0,1.0,0.0,0.0,0.0,0.0,0.0,0.0,0.0,0.0,0.0,0.0,0.0,1.0,0.0,0.0
61,https://www.imdb.com/title/tt13131610/,Bholaa Shankar,"While attempting to build a life in Kolkata with his sister, a taxi driver must confront his dark past as he faces off against the city&apos;s underworld.",https://m.media-amazon.com/images/M/MV5BYWUyNGUzMjAtNWQ5OC00ZTFmLWJkZjEtM2U1NjNlYWZhNDFiXkEyXkFqcGc@._V1_.jpg,Not Rated,"Action, Crime, Drama",PT2H39M,6.0,100.0,28.5,47.6,6.2,41.4cr,Disaster,3.3,2111.0,1.0,0.0,0.0,0.0,1.0,0.0,0.0,0.0,0.0,0.0,0.0,1.0,0.0,0.0,0.0
62,https://www.imdb.com/title/tt13130948/,Shehzada,"Bantu is hated by his father Valmiki since he was a toddler. Samara, his boss, shows him affection and love until he discovers that the Jindals are his parents. Bantu decides to seek Jindals love and protect them from threats they...",https://m.media-amazon.com/images/M/MV5BZDQzZDA2OGYtODU0ZS00NDU0LTliNGMtM2QxMTYxMTYwMjc0XkEyXkFqcGdeQXVyMTc5NTY1ODA1._V1_.jpg,,"Action, Comedy, Drama",PT2H22M,0.0,75.0,8.2,47.5,9.2,38.3cr,Disaster,4.5,31329.0,0.0,0.0,0.0,0.0,0.0,0.0,0.0,0.0,1.0,1.0,0.0,0.0,0.0,0.0,0.0
63,https://www.imdb.com/title/tt21262240/,Mission Raniganj: The Great Bharat Rescue,Mining engineer Jaswant Singh Gill leads a challenging rescue mission to save 65 miners trapped in a flooded coal mine.,https://m.media-amazon.com/images/M/MV5BMmY4NTkxYzYtNWFlYi00NWI2LWE1ZDgtMGJlY2UwZDZkODFkXkEyXkFqcGdeQXVyODE5NzE3OTE@._V1_.jpg,Not Rated,"Action, Biography, Drama",PT2H14M,0.0,75.0,3.8,45.7,5.5,40.2cr,Disaster,7.1,18233.0,1.0,1.0,0.0,0.0,0.0,0.0,0.0,0.0,1.0,0.0,0.0,0.0,0.0,0.0,0.0
64,https://www.imdb.com/title/tt12782448/,Pichaikkaran 2,"A business tycoon being preyed on for his wealth, and a beggar on a constant hunt for his long-lost sister. How does money determine the fate of these two lives?",https://m.media-amazon.com/images/M/MV5BZWIyNzVlYjYtZjgxOC00NmFhLWE1OWMtMjFmZDVhMmE1MGI4XkEyXkFqcGdeQXVyMTY1MzAyNjU4._V1_.jpg,,"Action, Drama, Sci-Fi",PT2H28M,5.0,25.0,8.5,44.5,1.3,43.2cr,Super Hit,5.7,1998.0,0.0,0.0,0.0,0.0,1.0,0.0,0.0,0.0,0.0,0.0,0.0,1.0,0.0,0.0,0.0
65,https://www.imdb.com/title/tt27542289/,Por Thozhil,A bright but faint-hearted rookie cop has to overcome his fears in order to succeed in his first case which sees him partnered with a reclusive senior officer to catch a serial killer on the loose.,https://m.media-amazon.com/images/M/MV5BY2U5ZjQ2MGMtNDI5ZS00NzJjLTg5YTAtMTVhYWQ4MGE4NmQxXkEyXkFqcGdeQXVyMTY1MzAyNjU4._V1_.jpg,,"Action, Crime, Thriller",PT2H27M,5.0,15.0,1.6,43.5,5.3,38.2cr,Blockbuster,8.0,10612.0,0.0,0.0,0.0,0.0,0.0,0.0,0.0,0.0,1.0,1.0,0.0,0.0,0.0,0.0,0.0
66,https://www.imdb.com/title/tt11364772/,Kabzaa,"In 1947 a Gandhi follower and a freedom fighter were brutally attacked. Due to unavoidable circumstances, the freedom fighter son gets trapped in the mafia world and the story revolves between 1942 to 1986.",https://m.media-amazon.com/images/M/MV5BZDFmNmE2OTYtYmUxOC00ZjE0LWE4ZWEtNzdiMjYxMjIwMzBhXkEyXkFqcGdeQXVyODA4MDA0Mjg@._V1_.jpg,Not Rated,"Action, Crime, Thriller",PT2H14M,1.0,75.0,13.5,40.4,4.6,35.8cr,Disaster,4.7,15406.0,0.0,0.0,0.0,0.0,0.0,0.0,0.0,0.0,0.0,0.0,0.0,1.0,0.0,0.0,1.0
67,https://www.imdb.com/title/tt15134398/,King of Kotha,"In a crime-infested town, Kannan bhai and his gang are the reigning powers. To combat this reign and seek revenge, Inspector Shahul tactfully plots the return of the &apos;King&apos;, leading to a transformative turn of events.",https://m.media-amazon.com/images/M/MV5BYzI3ZGEzM2EtNmU3ZC00YTE2LTg4ZDctMjcxNjliOTBlYjkyXkEyXkFqcGdeQXVyMjkxNzQ1NDI@._V1_.jpg,,"Action, Crime, Drama",PT2H54M,2.0,40.0,16.8,39.4,16.2,23.2cr,Disaster,6.1,8377.0,1.0,0.0,0.0,0.0,0.0,0.0,0.0,0.0,0.0,0.0,0.0,0.0,0.0,0.0,0.0
68,https://www.imdb.com/title/tt11732164/,Pathu Thala,"An undercover cop goes to find and kill a crime lord. However, when he realizes that the crime lord&apos;s business intentions are good and he has his own challenges, he needs to decide his next step and help the crime lord change his ...",https://m.media-amazon.com/images/M/MV5BOGZiYjkyODEtNzkxMC00ZDUwLWI0MmQtOTFjMmRhNzhjZjY3XkEyXkFqcGdeQXVyMTEzNzg0Mjkx._V1_.jpg,Not Rated,"Action, Crime, Drama",PT2H31M,5.0,35.0,8.2,37.3,4.5,32.8cr,Flop,6.7,9906.0,0.0,1.0,0.0,0.0,0.0,0.0,0.0,0.0,1.0,0.0,0.0,1.0,0.0,0.0,0.0
71,https://www.imdb.com/title/tt27510150/,DD Returns,"The protagonist and his friends hides a bag full of money and jewels in a haunted bungalow to ditch the police. When he goes to retrieve the bag, a ghost makes him play a survival game in order to leave with the bag.",https://m.media-amazon.com/images/M/MV5BZTNlYTliNTctMjUxOS00N2Q4LWFiMDQtNjNiYWIwODgwMzUwXkEyXkFqcGdeQXVyMTIyNzY0NTMx._V1_.jpg,,"Comedy, Horror",PT2H4M,5.0,15.0,2.7,35.2,0.0,35.2cr,Super Hit,6.2,1796.0,1.0,0.0,0.0,0.0,0.0,0.0,0.0,0.0,1.0,0.0,0.0,1.0,0.0,0.0,0.0
72,https://www.imdb.com/title/tt26699538/,Samajavaragamana,A lifelong university student struggling to pass his exams enlists the help of his son and his lovestruck friend. Hijinks ensue amidst blossoming love and comic bust-ups.,https://m.media-amazon.com/images/M/MV5BZmRlZDM5OTMtZmUwNS00MTY4LWFmYzItYjRiZGY0MmM0MmJkXkEyXkFqcGdeQXVyMTQ3Mzk2MDg4._V1_.jpg,,"Comedy, Drama, Family",PT2H20M,6.0,5.0,2.3,34.5,9.3,25.2cr,Blockbuster,7.4,1671.0,0.0,0.0,0.0,0.0,0.0,0.0,0.0,0.0,1.0,1.0,0.0,0.0,1.0,0.0,0.0
73,https://www.imdb.com/title/tt15509266/,Spy,"After receiving the news of the death of his elder brother Subash, who worked for R&amp;AW, Jay sets out on a mission to find out what happened leading him into a bigger conspiracy of a possible nuclear attack threat to the country.",https://m.media-amazon.com/images/M/MV5BOGQ1Zjc2NDgtMzgzMy00ZjhkLTgyZTMtNGZlMzM4OWM3YTc3XkEyXkFqcGdeQXVyMTYyNjAzOTUx._V1_.jpg,Not Rated,"Action, Thriller",PT2H15M,6.0,25.0,10.45,29.6,4.2,25.4cr,Flop,4.7,4309.0,0.0,0.0,0.0,0.0,1.0,0.0,0.0,0.0,0.0,0.0,0.0,1.0,0.0,0.0,1.0
74,https://www.imdb.com/title/tt23474462/,Japan,"A daring robbery in a jewellery showroom kickstarts the hunt for Japan, a notorious robber, who is a law unto himself.",https://m.media-amazon.com/images/M/MV5BYWIxZjg2NjEtNDA2NC00Njk4LWFmZDMtZWFhZmYzZTFjZmRlXkEyXkFqcGdeQXVyMTY1MzAyNjU4._V1_.jpg,,"Action, Comedy, Crime",PT2H36M,5.0,75.0,6.5,29.3,5.4,23.9cr,Disaster,3.1,2214.0,0.0,0.0,0.0,0.0,0.0,0.0,0.0,0.0,0.0,0.0,0.0,0.0,0.0,0.0,0.0
75,https://www.imdb.com/title/tt26690825/,Balagam,"Balagam is set in a village in Telangana and it revolves around the after effects on a family and its relations, both with the village folks and among themselves, after the jovial patriarch of the family suddenly passes away.",https://m.media-amazon.com/images/M/MV5BNzNiMDZlOGQtYzA4Zi00Yzg0LTljMWEtNzFkN2MxZTM0ZGQyXkEyXkFqcGdeQXVyMTI1NDEyNTM5._V1_.jpg,,"Drama, Family",PT2H11M,6.0,5.0,0.45,27.3,0.5,26.8cr,Blockbuster,7.9,3046.0,0.0,0.0,0.0,0.0,0.0,0.0,0.0,0.0,0.0,0.0,0.0,0.0,0.0,0.0,0.0
76,https://www.imdb.com/title/tt27125266/,Ghost,A Group of some people hijacked the jail in the city and demanding the release of ghost or elsewhere all the criminals will be set free.,https://m.media-amazon.com/images/M/MV5BZGJiYTY3ODUtZWEzYy00MWRiLTg2ODctZjk5OGVkMTlkZDg3XkEyXkFqcGdeQXVyMTIyNzY0NTMx._V1_.jpg,,"Action, Thriller",PT2H12M,1.0,20.0,3.6,27.2,0.8,26.4cr,Hit,6.4,7121.0,0.0,0.0,0.0,0.0,0.0,0.0,0.0,0.0,0.0,0.0,0.0,0.0,0.0,0.0,0.0
77,https://www.imdb.com/title/tt11992424/,Sapta Sagaradaache Ello: Side A,"Manu and Priya hail from a middle-class background and fall in love. When circumstances land Manu in jail, his relationship with Priya is put in jeopardy.",https://m.media-amazon.com/images/M/MV5BNTM1YmMwN2EtMDk1Ni00NThmLWI2MWMtYmI5N2VhNTZlZWY1XkEyXkFqcGc@._V1_.jpg,,"Drama, Romance",PT2H22M,1.0,20.0,2.3,26.4,0.8,26.4cr,Hit,8.2,7796.0,0.0,0.0,0.0,0.0,0.0,0.0,0.0,0.0,0.0,0.0,0.0,0.0,0.0,0.0,0.0
78,https://www.imdb.com/title/tt28820189/,Mad,"Set in an engineering college and revolves around the antics of the students there, primarily the boys, who get a kick out of torturing the hostel warden.",https://m.media-amazon.com/images/M/MV5BMzRhYzQxN2MtMDM5Yi00OThlLWFmMzAtYjc3YWMwNWM4M2ZlXkEyXkFqcGc@._V1_.jpg,,Comedy,PT2H7M,6.0,8.0,1.8,25.2,3.5,21.7cr,Blockbuster,7.4,1990.0,0.0,0.0,0.0,0.0,0.0,0.0,0.0,0.0,0.0,0.0,0.0,0.0,0.0,0.0,0.0
79,https://www.imdb.com/title/tt15816190/,Ravanasura,Junior lawyer Ravindra is a goof whom no one seems to take seriously. But there&apos;s more to him beneath the surface.,https://m.media-amazon.com/images/M/MV5BMDZjOTVkYTAtOWI5ZC00OWM1LTg1ZjEtNDMxZDY2NmE5ZWVhXkEyXkFqcGdeQXVyMTc5NTY1ODA1._V1_.jpg,,"Action, Crime, Drama",PT2H21M,6.0,40.0,8.2,24.9,2.7,22.2cr,Disaster,5.7,2551.0,0.0,0.0,0.0,0.0,0.0,0.0,0.0,0.0,0.0,0.0,0.0,0.0,0.0,0.0,0.0
80,https://www.imdb.com/title/tt28512693/,Maa Oori Polimera 2,Revolves around a policeman who sets out to seek justice for his brother&apos;s death in a village plagued by black magic.,https://m.media-amazon.com/images/M/MV5BYWMwNDVjOTUtZTYxMS00ZWRlLWFkZTAtNzA1MGYwMTljZmExXkEyXkFqcGdeQXVyMjYyNDEzNjM@._V1_.jpg,,Horror,PT2H5M,6.0,7.0,3.2,23.2,2.5,20.7cr,Blockbuster,7.1,838.0,0.0,0.0,0.0,0.0,0.0,0.0,0.0,0.0,0.0,0.0,0.0,0.0,0.0,0.0,0.0
81,https://www.imdb.com/title/tt14989988/,Devil,"It follows a British secret agent who takes up the job of solving a dark mystery. He is led into a web of love, deceit and betrayal. His success and failure can change the course of history.",https://m.media-amazon.com/images/M/MV5BZjg5ODY3N2QtZGFmNC00M2JiLWI3MGEtZjJkOTFhMGYxZmUwXkEyXkFqcGdeQXVyMTU4NDUzMjAx._V1_.jpg,,"Action, Drama, Thriller",PT2H24M,6.0,30.0,4.8,23.2,1.8,21.4cr,Disaster,6.5,3329.0,0.0,0.0,0.0,0.0,0.0,0.0,0.0,0.0,0.0,0.0,0.0,0.0,0.0,0.0,0.0
82,https://www.imdb.com/title/tt23745844/,Das Ka Dhamki,A waiter is asked to impersonate his dead look-alike as the owner of a pharmaceutical company.,https://m.media-amazon.com/images/M/MV5BMjIzNzRmZmUtOTgyOS00MDNhLWFjOWYtNWU5MTUwNzI5MGZiXkEyXkFqcGdeQXVyMTYyNjAzOTUx._V1_.jpg,Not Rated,"Action, Comedy, Drama",PT2H20M,6.0,15.0,8.5,22.8,2.7,20.1cr,Hit,6.1,2014.0,0.0,0.0,0.0,0.0,0.0,0.0,0.0,0.0,0.0,0.0,0.0,0.0,0.0,0.0,0.0
83,https://www.imdb.com/title/tt26763310/,Mangalavaaram,"Fear engulfs a village as murders pile up mysteriously. Shailu, a young woman is the heart of the story and the enigmatic tale unravels with a suspenseful cinematic journey.",https://m.media-amazon.com/images/M/MV5BZjk4OGMwMDUtZWVmZS00OGU4LWFjNTEtNGQyMzcxYWQyM2ExXkEyXkFqcGdeQXVyMTQ3Mzk2MDg4._V1_.jpg,,"Action, Horror, Thriller",PT2H29M,6.0,15.0,4.2,21.8,2.3,19.5cr,Hit,6.7,2828.0,0.0,0.0,0.0,0.0,0.0,0.0,0.0,0.0,0.0,0.0,0.0,0.0,0.0,0.0,0.0
84,https://www.imdb.com/title/tt25405130/,Dada,"A couple in love, accidentally become teenage parents. Unpleasant situations make them fall apart. Manikandan, left alone with his son, struggles as a single teenage father. Fate owns him, bringing Sindhu back into his life.",https://m.media-amazon.com/images/M/MV5BM2NjY2RhNDktMDUwOS00MGMxLWIxYmYtY2UwMmU2YzQzYjg4XkEyXkFqcGc@._V1_.jpg,,"Drama, Family, Romance",PT2H13M,5.0,10.0,2.3,20.9,1.5,19.4cr,Blockbuster,8.1,6404.0,0.0,0.0,0.0,0.0,0.0,0.0,0.0,0.0,0.0,0.0,0.0,0.0,0.0,0.0,0.0
